capitulo;seccion;bloque;n_en_bloque;clave_cita;estado_verificacion;linea_qmd;texto_referencia
1. Génesis y condiciones de posibilidad del conocimiento;Relación entre emociones y procesos cognitivos;Mostrar enlaces y referencias del aptdo.;1;dieguez2022negacionismo;sin_doi;232;Diéguez, A. (2022). Negacionismo, anticiencia y pseudociencias: ¿En qué se diferencian? Cuaderno de Cultura Científica. https://culturacientifica.com/2022/02/14/negacionismo-antici
1. Génesis y condiciones de posibilidad del conocimiento;Relación entre emociones y procesos cognitivos;Mostrar enlaces y referencias del aptdo.;2;nonaka2020wise;sin_doi;233;Nonaka, I., & Takeuchi, H. (2020). The wise company: How companies create continuous innovation. Oxford University Press.
1. Génesis y condiciones de posibilidad del conocimiento;Relación entre emociones y procesos cognitivos;Mostrar enlaces y referencias del aptdo.;3;### SIN_CLAVE ###;;234;Firestein, S. (2016). Failure: Why science is so successful. Oxford University Press.
1. Génesis y condiciones de posibilidad del conocimiento;Relación entre emociones y procesos cognitivos;Mostrar enlaces y referencias del aptdo.;4;beretervide2019conocimiento;sin_doi;235;Beretervide, V. (2019). Conocimiento, afectividad y verdad: Un camino de integración. https://www.aacademica.org/000-111/159.
1. Génesis y condiciones de posibilidad del conocimiento;Relación entre emociones y procesos cognitivos;Mostrar enlaces y referencias del aptdo.;5;lara2024socratic;PENDIENTE;236;Lara, F., & Rodríguez-López, B. (2024). Socratic nudges, virtual moral assistants and the problem of autonomy. AI & Society. https://doi.org/10.1007/s00146-023-01846-3
1. Génesis y condiciones de posibilidad del conocimiento;Relación entre emociones y procesos cognitivos;Mostrar enlaces y referencias del aptdo.;6;carmen2015metodo;sin_doi;237;Carmen, S. et al. (2015, February 20). El método socrático. https://hdl.handle.net/20.500.14352/65655
1. Génesis y condiciones de posibilidad del conocimiento;Relación entre emociones y procesos cognitivos;Mostrar enlaces y referencias del aptdo.;7;deduccionsfdeduccion;sin_doi;241;Deducción, inducción, abducción: razonando y argumentando. https://humanistasenlared.com/filosofia/deduccion-induccion-abduccion-razonar-argumentar/.
1. Génesis y condiciones de posibilidad del conocimiento;Relación entre emociones y procesos cognitivos;Mostrar enlaces y referencias del aptdo.;8;diferenciasfdiferencia;sin_doi;242;Diferencia entre inducción y deducción: sus métodos y ejemplos. https://www.diferenciador.com/induccion-y-deduccion/.
1. Génesis y condiciones de posibilidad del conocimiento;Relación entre emociones y procesos cognitivos;Mostrar enlaces y referencias del aptdo.;9;anonsfinteligencia;sin_doi;243;La Inteligencia Artificial en la Educación - UNESCO. https://es.unesco.org/themes/tic-educacion/inteligencia-artificial.
1. Génesis y condiciones de posibilidad del conocimiento;Relación entre emociones y procesos cognitivos;Mostrar enlaces y referencias del aptdo.;10;ramassframas;sin_doi;244;Ramas de la Inteligencia Artificial: Técnicas y aplicaciones | APD. https://www.apd.es/tecnicas-de-la-inteligencia-artificial-cuales-son-y-para-que-se-utilizan/.
1. Génesis y condiciones de posibilidad del conocimiento;Relación entre emociones y procesos cognitivos;Mostrar enlaces y referencias del aptdo.;11;desarrollosfdesarrollo;sin_doi;245;Desarrollo y retos de la Inteligencia Artificial - UNESCO. https://es.unesco.org/sites/default/files/l1_desarrollo_y_retos_de_la_ia.pdf.
1. Génesis y condiciones de posibilidad del conocimiento;Relación entre emociones y procesos cognitivos;Mostrar enlaces y referencias del aptdo.;12;inductionsfinduction;VERIFICADO;246;Induction, Deduction, and Abduction | SpringerLink. https://link.springer.com/referenceworkentry/10.1007/978-3-030-26050-7_159-1.
1. Génesis y condiciones de posibilidad del conocimiento;Relación entre emociones y procesos cognitivos;Mostrar enlaces y referencias del aptdo.;13;deductionsfdeduction;sin_doi;247;Deduction, Induction, and Abduction - Communication - iResearchNet. https://communication.iresearchnet.com/communication-theory-and-philosophy/deduction-induction-and-abduction/.
1. Génesis y condiciones de posibilidad del conocimiento;Relación entre emociones y procesos cognitivos;Mostrar enlaces y referencias del aptdo.;14;inductivesfinductive;sin_doi;248;Inductive vs. Deductive vs. Abductive Reasoning | Merriam-Webster. https://www.merriam-webster.com/grammar/deduction-vs-induction-vs-abduction.
1. Génesis y condiciones de posibilidad del conocimiento;Relación entre emociones y procesos cognitivos;Mostrar enlaces y referencias del aptdo.;15;razonamientosfrazonamiento;sin_doi;249;Razonamiento abductivo. https://es.wikipedia.org/wiki/Razonamiento_abductivo.
1. Génesis y condiciones de posibilidad del conocimiento;Relación entre emociones y procesos cognitivos;Enfoques y estilos de trabajo en investigación;1;### SIN_CLAVE ###;;271;**Abducción**: Proceso de formar una hipótesis explicativa. Es la operación lógica por la que surgen hipótesis novedosas.
1. Génesis y condiciones de posibilidad del conocimiento;Relación entre emociones y procesos cognitivos;Enfoques y estilos de trabajo en investigación;2;### SIN_CLAVE ###;;272;**Inducción**: Razonamiento que va de lo particular a lo general. Se basa en la generalización a partir de casos específicos.
1. Génesis y condiciones de posibilidad del conocimiento;Relación entre emociones y procesos cognitivos;Enfoques y estilos de trabajo en investigación;3;### SIN_CLAVE ###;;273;**Deducción**: Razonamiento que va de lo general a lo particular. Parte de premisas generales para llegar a una conclusión específica.
1. Génesis y condiciones de posibilidad del conocimiento;Relación entre emociones y procesos cognitivos;Enfoques y estilos de trabajo en investigación;1;douven2021abduction;sin_doi;314;Douven, I. (2021). Abduction. In E. N. Zalta (Ed.), *The Stanford Encyclopedia of Philosophy* (Summer 2021 ed.). Stanford University.
1. Génesis y condiciones de posibilidad del conocimiento;Relación entre emociones y procesos cognitivos;Enfoques y estilos de trabajo en investigación;2;flach2000abduction;sin_doi;315;Flach, P. A., & Kakas, A. C. (2000). *Abduction and Induction: Essays on their Relation and Integration*. Springer Netherlands.
1. Génesis y condiciones de posibilidad del conocimiento;Relación entre emociones y procesos cognitivos;Enfoques y estilos de trabajo en investigación;3;magnani2017abductive;sin_doi;316;Magnani, L. (2017). *The Abductive Structure of Scientific Creativity: An Essay on the Ecology of Cognition*. Springer International Publishing.
1. Génesis y condiciones de posibilidad del conocimiento;Relación entre emociones y procesos cognitivos;Enfoques y estilos de trabajo en investigación;4;musgrave2021logic;sin_doi;317;Musgrave, A. (2021). The logic of scientific discovery without induction. *Metascience*, *30*(1), 129-133.
1. Génesis y condiciones de posibilidad del conocimiento;Relación entre emociones y procesos cognitivos;Enfoques y estilos de trabajo en investigación;5;nickles2014heuristic;sin_doi;318;Nickles, T. (2014). Heuristic Appraisal at the Frontier of Research. En Studies in applied philosophy, epistemology and rational ethics (pp. 57-87).
1. Génesis y condiciones de posibilidad del conocimiento;Relación entre emociones y procesos cognitivos;Enfoques y estilos de trabajo en investigación;6;project1998essential;sin_doi;319;Project, P. E. (1998). The Essential Peirce, Volume 2 (1893–1913): Selected Philosophical Writings. Indiana University Press.
1. Génesis y condiciones de posibilidad del conocimiento;Relación entre emociones y procesos cognitivos;Enfoques y estilos de trabajo en investigación;7;popper2002logic;sin_doi;320;Popper, K. (2002). *The Logic of Scientific Discovery* (2nd ed.). Routledge. (Original work published 1959).
1. Génesis y condiciones de posibilidad del conocimiento;Relación entre emociones y procesos cognitivos;Enfoques y estilos de trabajo en investigación;8;reichertz2019abduction;sin_doi;321;Reichertz, J. (2019). Abduction: The logic of discovery of grounded theory - An updated review. In A. Bryant & K. Charmaz (Eds.), *The SAGE Handbook of Current Developments in Grou
1. Génesis y condiciones de posibilidad del conocimiento;Relación entre emociones y procesos cognitivos;Enfoques y estilos de trabajo en investigación;9;schurz2008patterns;sin_doi;322;Schurz, G. (2008). Patterns of abduction. *Synthese*, *164*(2), 201-234. .
1. Génesis y condiciones de posibilidad del conocimiento;Relación entre emociones y procesos cognitivos;Enfoques y estilos de trabajo en investigación;10;walton2014abductive;sin_doi;323;Walton, D. (2014). *Abductive Reasoning*. University of Alabama Press.
1. Génesis y condiciones de posibilidad del conocimiento;Relación entre emociones y procesos cognitivos;Desglose de metodologías específicas por ámbito disciplinar;1;### SIN_CLAVE ###;;354;Medicine
1. Génesis y condiciones de posibilidad del conocimiento;Relación entre emociones y procesos cognitivos;Desglose de metodologías específicas por ámbito disciplinar;2;### SIN_CLAVE ###;;357;Psychology
1. Génesis y condiciones de posibilidad del conocimiento;Relación entre emociones y procesos cognitivos;Desglose de metodologías específicas por ámbito disciplinar;3;### SIN_CLAVE ###;;360;Education
1. Génesis y condiciones de posibilidad del conocimiento;Relación entre emociones y procesos cognitivos;Desglose de metodologías específicas por ámbito disciplinar;4;### SIN_CLAVE ###;;363;Engineering
1. Génesis y condiciones de posibilidad del conocimiento;Relación entre emociones y procesos cognitivos;Desglose de metodologías específicas por ámbito disciplinar;5;### SIN_CLAVE ###;;366;Business Management
1. Génesis y condiciones de posibilidad del conocimiento;Relación entre emociones y procesos cognitivos;Desglose de metodologías específicas por ámbito disciplinar;6;### SIN_CLAVE ###;;369;Information Technology
1. Génesis y condiciones de posibilidad del conocimiento;Relación entre emociones y procesos cognitivos;Desglose de metodologías específicas por ámbito disciplinar;7;### SIN_CLAVE ###;;372;Environmental Science
1. Génesis y condiciones de posibilidad del conocimiento;Relación entre emociones y procesos cognitivos;Desglose de metodologías específicas por ámbito disciplinar;8;### SIN_CLAVE ###;;375;Sociology
1. Génesis y condiciones de posibilidad del conocimiento;Relación entre emociones y procesos cognitivos;Desglose de metodologías específicas por ámbito disciplinar;9;### SIN_CLAVE ###;;378;Marketing
1. Génesis y condiciones de posibilidad del conocimiento;Relación entre emociones y procesos cognitivos;Desglose de metodologías específicas por ámbito disciplinar;10;### SIN_CLAVE ###;;381;Economics
1. Génesis y condiciones de posibilidad del conocimiento;Relación entre emociones y procesos cognitivos;Desglose de metodologías específicas por ámbito disciplinar;11;### SIN_CLAVE ###;;384;Political Science
1. Génesis y condiciones de posibilidad del conocimiento;Relación entre emociones y procesos cognitivos;Desglose de metodologías específicas por ámbito disciplinar;12;### SIN_CLAVE ###;;387;Anthropology
1. Génesis y condiciones de posibilidad del conocimiento;Relación entre emociones y procesos cognitivos;Desglose de metodologías específicas por ámbito disciplinar;13;### SIN_CLAVE ###;;390;Architecture
1. Génesis y condiciones de posibilidad del conocimiento;Relación entre emociones y procesos cognitivos;Desglose de metodologías específicas por ámbito disciplinar;14;### SIN_CLAVE ###;;393;Chemistry
1. Génesis y condiciones de posibilidad del conocimiento;Relación entre emociones y procesos cognitivos;Desglose de metodologías específicas por ámbito disciplinar;15;### SIN_CLAVE ###;;396;Physics
1. Génesis y condiciones de posibilidad del conocimiento;Relación entre emociones y procesos cognitivos;Desglose de metodologías específicas por ámbito disciplinar;16;### SIN_CLAVE ###;;399;History
1. Génesis y condiciones de posibilidad del conocimiento;Relación entre emociones y procesos cognitivos;Desglose de metodologías específicas por ámbito disciplinar;17;### SIN_CLAVE ###;;402;Law
1. Génesis y condiciones de posibilidad del conocimiento;Relación entre emociones y procesos cognitivos;Desglose de metodologías específicas por ámbito disciplinar;18;### SIN_CLAVE ###;;405;Agriculture
1. Génesis y condiciones de posibilidad del conocimiento;Relación entre emociones y procesos cognitivos;Desglose de metodologías específicas por ámbito disciplinar;19;### SIN_CLAVE ###;;408;Neuroscience
1. Génesis y condiciones de posibilidad del conocimiento;Relación entre emociones y procesos cognitivos;Desglose de metodologías específicas por ámbito disciplinar;20;### SIN_CLAVE ###;;411;Data Science
1. Génesis y condiciones de posibilidad del conocimiento;Relación entre emociones y procesos cognitivos;Desglose de metodologías específicas por ámbito disciplinar;21;### SIN_CLAVE ###;;414;Public Health
1. Génesis y condiciones de posibilidad del conocimiento;Relación entre emociones y procesos cognitivos;Desglose de metodologías específicas por ámbito disciplinar;22;### SIN_CLAVE ###;;417;Linguistics
1. Génesis y condiciones de posibilidad del conocimiento;Relación entre emociones y procesos cognitivos;Desglose de metodologías específicas por ámbito disciplinar;23;### SIN_CLAVE ###;;420;Philosophy
1. Génesis y condiciones de posibilidad del conocimiento;Relación entre emociones y procesos cognitivos;Desglose de metodologías específicas por ámbito disciplinar;24;### SIN_CLAVE ###;;423;Theology
1. Génesis y condiciones de posibilidad del conocimiento;Relación entre emociones y procesos cognitivos;Desglose de metodologías específicas por ámbito disciplinar;25;### SIN_CLAVE ###;;426;Sports Science
1. Génesis y condiciones de posibilidad del conocimiento;Relación entre emociones y procesos cognitivos;Desglose de metodologías específicas por ámbito disciplinar;26;### SIN_CLAVE ###;;429;Fashion Design
1. Génesis y condiciones de posibilidad del conocimiento;Relación entre emociones y procesos cognitivos;Desglose de metodologías específicas por ámbito disciplinar;27;### SIN_CLAVE ###;;432;Urban Planning
1. Génesis y condiciones de posibilidad del conocimiento;Relación entre emociones y procesos cognitivos;Desglose de metodologías específicas por ámbito disciplinar;28;### SIN_CLAVE ###;;435;Robotics
1. Génesis y condiciones de posibilidad del conocimiento;Relación entre emociones y procesos cognitivos;Desglose de metodologías específicas por ámbito disciplinar;29;### SIN_CLAVE ###;;438;Veterinary Science
1. Génesis y condiciones de posibilidad del conocimiento;Relación entre emociones y procesos cognitivos;Desglose de metodologías específicas por ámbito disciplinar;30;### SIN_CLAVE ###;;441;Telecommunications
1. Génesis y condiciones de posibilidad del conocimiento;Relación entre emociones y procesos cognitivos;Desglose de metodologías específicas por ámbito disciplinar;1;### SIN_CLAVE ###;;459;Estructura y enfoque en objetivos: La CBT es una terapia estructurada y orientada a objetivos, lo cual es una característica fundamental y estandarizada de este enfoque[1].
1. Génesis y condiciones de posibilidad del conocimiento;Relación entre emociones y procesos cognitivos;Desglose de metodologías específicas por ámbito disciplinar;2;### SIN_CLAVE ###;;461;Duración limitada: Típicamente se extiende durante 10 a 20 sesiones semanales, dependiendo de la gravedad de la condición del paciente[3].
1. Génesis y condiciones de posibilidad del conocimiento;Relación entre emociones y procesos cognitivos;Desglose de metodologías específicas por ámbito disciplinar;3;### SIN_CLAVE ###;;463;Amplia aplicabilidad: La CBT ha demostrado ser eficaz para una variedad de trastornos psiquiátricos, incluyendo ansiedad, depresión, trastornos alimentarios, TEPT, entre otros[3].
1. Génesis y condiciones de posibilidad del conocimiento;Relación entre emociones y procesos cognitivos;Desglose de metodologías específicas por ámbito disciplinar;4;### SIN_CLAVE ###;;465;Evidencia a largo plazo: Estudios meta-analíticos han demostrado que la CBT tiene efectos positivos que se mantienen hasta 12 meses o más después de completar el tratamiento para c
1. Génesis y condiciones de posibilidad del conocimiento;Relación entre emociones y procesos cognitivos;Desglose de metodologías específicas por ámbito disciplinar;5;### SIN_CLAVE ###;;467;Componentes estandarizados: La CBT típicamente incluye elementos como la educación del paciente, la colaboración terapéutica, y tareas para el hogar, que son aspectos estandarizado
1. Génesis y condiciones de posibilidad del conocimiento;Relación entre emociones y procesos cognitivos;Desglose de metodologías específicas por ámbito disciplinar;6;### SIN_CLAVE ###;;469;Reconocimiento profesional: La CBT es ampliamente reconocida tanto en psiquiatría como en psicología, y aparece en la mayoría de las guías de tratamientos psicológicos efectivos[5]
1. Génesis y condiciones de posibilidad del conocimiento;Relación entre emociones y procesos cognitivos;Desglose de metodologías específicas por ámbito disciplinar;7;### SIN_CLAVE ###;;471;Evolución continua: Aunque mantiene sus principios fundamentales, la CBT ha evolucionado para incorporar nuevos conocimientos y técnicas, lo que demuestra su vigencia y adaptabilid
1. Génesis y condiciones de posibilidad del conocimiento;Relación entre emociones y procesos cognitivos;Desglose de metodologías específicas por ámbito disciplinar;1;anonsfpubmed;sin_doi;477;[PubMed – Estudio sobre mutación](https://pubmed.ncbi.nlm.nih.gov/31758858/)
1. Génesis y condiciones de posibilidad del conocimiento;Relación entre emociones y procesos cognitivos;Desglose de metodologías específicas por ámbito disciplinar;2;anonsflibro;sin_doi;478;[Libro en Amazon: Cognitive Behavior Therapy](https://www.amazon.es/Cognitive-Behavior-Therapy-Second-Basics/dp/1609185048)
1. Génesis y condiciones de posibilidad del conocimiento;Relación entre emociones y procesos cognitivos;Desglose de metodologías específicas por ámbito disciplinar;3;anonsfumiami;sin_doi;479;[CBT en UMiami Health](https://umiamihealth.org/es/tratamientos-y-servicios/psiquiatr%C3%ADa/cognitive-behavioral-therapy-cbt)
1. Génesis y condiciones de posibilidad del conocimiento;Relación entre emociones y procesos cognitivos;Desglose de metodologías específicas por ámbito disciplinar;4;anonsfelsevier;sin_doi;480;[Elsevier – Validación de escala de funcionamiento](https://www.elsevier.es/es-revista-spanish-journal-psychiatry-mental-health-286-articulo-validacion-version-espanola-escala-func
1. Génesis y condiciones de posibilidad del conocimiento;Relación entre emociones y procesos cognitivos;Desglose de metodologías específicas por ámbito disciplinar;5;anonsfscielo;sin_doi;481;[SciELO – Artículo sobre terapia cognitiva](https://scielo.isciii.es/scielo.php?pid=S0214-78232022000300004&script=sci_arttext)
1. Génesis y condiciones de posibilidad del conocimiento;Relación entre emociones y procesos cognitivos;Desglose de metodologías específicas por ámbito disciplinar;6;anonsfroyal;sin_doi;482;[Royal College of Psychiatrists – CBT en español](https://www.rcpsych.ac.uk/mental-health/translations/spanish/cognitive-behavioural-therapy)
1. Génesis y condiciones de posibilidad del conocimiento;Relación entre emociones y procesos cognitivos;Desglose de metodologías específicas por ámbito disciplinar;7;anonsfacademico;sin_doi;483;[PDF académico – Gabriela Irrazabal](https://www.aacademica.org/gabriela.irrazabal/50.pdf)
1. Génesis y condiciones de posibilidad del conocimiento;Relación entre emociones y procesos cognitivos;Desglose de metodologías específicas por ámbito disciplinar;8;anonsfwikipedia;sin_doi;484;[Wikipedia – Método científico](https://es.wikipedia.org/wiki/M%C3%A9todo_cient%C3%ADfico)
1. Génesis y condiciones de posibilidad del conocimiento;1.3. Versiones del escepticismo;Mostrar referencias;1;popkin1979history;sin_doi;536;Popkin, R. H. (1979). The History of Scepticism from Erasmus to Spinoza. Univ of California Press.
1. Génesis y condiciones de posibilidad del conocimiento;1.3. Versiones del escepticismo;Mostrar referencias;2;### SIN_CLAVE ###;;537;Popkin, R. H. (2003). The history of scepticism: From Savonarola to Bayle. OUP.
1. Génesis y condiciones de posibilidad del conocimiento;1.3. Versiones del escepticismo;Mostrar referencias;3;empiricus2000sextus;sin_doi;538;Empiricus, S. (2000). Sextus Empiricus: Outlines of Scepticism. Eds.:  Julia Annas & Jonathan Barnes. Cambridge University Press.
1. Génesis y condiciones de posibilidad del conocimiento;1.3. Versiones del escepticismo;Mostrar referencias;4;### SIN_CLAVE ###;;539;"Comesaña, Juan and Peter Klein, ""Skepticism"", The Stanford Encyclopedia of Philosophy (Spring 2024 Edition), Edward N. Zalta & Uri Nodelman (eds.), URL = ."
1. Génesis y condiciones de posibilidad del conocimiento;1.3. Versiones del escepticismo;Mostrar referencias;5;### SIN_CLAVE ###;;540;"Ebbs, Gary, ""Content Externalism and Skepticism"", The Stanford Encyclopedia of Philosophy (Spring 2025 Edition), Edward N. Zalta & Uri Nodelman (eds.), URL = ."
1. Génesis y condiciones de posibilidad del conocimiento;1.3. Versiones del escepticismo;Mostrar referencias;6;### SIN_CLAVE ###;;541;Bergmann, M. (2021). Radical skepticism and epistemic intuition. Oxford University Press.
1. Génesis y condiciones de posibilidad del conocimiento;1.3. Versiones del escepticismo;Mostrar referencias;7;fumerton2011skepticism;DISCREPANCIA;542;"Fumerton, Richard A. (2011). ""Skepticism and Epistemic Externalism"". In Bernecker, S., & Pritchard, D. (2011). The Routledge companion to epistemology. Taylor & Francis, pp. 488–49"
1. Génesis y condiciones de posibilidad del conocimiento;1.3. Versiones del escepticismo;Mostrar referencias;8;greco2011oxford;sin_doi;543;Greco, J. (2011). The Oxford Handbook of Skepticism. Oxford University Press.
1. Génesis y condiciones de posibilidad del conocimiento;1.3. Versiones del escepticismo;Mostrar referencias;9;### SIN_CLAVE ###;;544;Hazlett, Allan (2014). A Critical Introduction to Skepticism. Bloomsbury.
1. Génesis y condiciones de posibilidad del conocimiento;1.3. Versiones del escepticismo;Mostrar referencias;10;greco2008oxford;sin_doi;545;Greco, J. (2008). The oxford handbook of skepticism (1st ed). Oxford University Press, Incorporated.
1. Génesis y condiciones de posibilidad del conocimiento;1.3. Versiones del escepticismo;Mostrar referencias;11;popkin1999skepticism;sin_doi;546;Popkin, & H, R. (1999, July 26). Skepticism | Definition, Philosophy, examples, History, & Criticism. Encyclopedia Britannica. https://www.britannica.com/topic/skepticism
1. Génesis y condiciones de posibilidad del conocimiento;1.4. Heterodoxia científica, protociencia y anticiencia;Mostrar referencias;1;kuhn1994structure;sin_doi;581;Kuhn, T. S. (1994, orig. 1962). The structure of scientific revolutions (2. ed., enlarged, 21. print). Univ. of Chicago Press.
1. Génesis y condiciones de posibilidad del conocimiento;1.4. Heterodoxia científica, protociencia y anticiencia;Mostrar referencias;2;devlin2015kuhns;VERIFICADO;582;Devlin, W. J., & Bokulich, A. (2015). Kuhn’s Structure of Scientific Revolutions - 50 years on. Springer. https://doi.org/10.1007/978-3-319-13383-6
1. Génesis y condiciones de posibilidad del conocimiento;1.4. Heterodoxia científica, protociencia y anticiencia;Mostrar referencias;3;kuhn1996revolucion;sin_doi;583;Kuhn, T. S. (1996, orig. 1957). La revolución copernicana: la astronomía planetaria en el desarrollo del pensamiento. Ariel.
1. Génesis y condiciones de posibilidad del conocimiento;1.4. Heterodoxia científica, protociencia y anticiencia;Mostrar referencias;4;feyerabend2002against;sin_doi;584;Feyerabend, P. (2002, orig. 1975). Against method (Reprinted der 3. ed. 1993). Verso.
1. Génesis y condiciones de posibilidad del conocimiento;1.4. Heterodoxia científica, protociencia y anticiencia;Mostrar referencias;5;protociencia2025wikipedia;sin_doi;585;"Entrada ""Protociencia"" (2025). En Wikipedia, la enciclopedia libre. https://es.wikipedia.org/w/index.php?title=Protociencia&oldid=167521528"
1. Génesis y condiciones de posibilidad del conocimiento;1.4. Heterodoxia científica, protociencia y anticiencia;Mostrar referencias;6;cientifico2025significados;sin_doi;586;"""Método Científico"" (2025). En significados.com. https://www.significados.com/metodo-cientifico"
1. Génesis y condiciones de posibilidad del conocimiento;1.4. Heterodoxia científica, protociencia y anticiencia;Mostrar referencias;7;lucena2022negacionismo;sin_doi;587;"Diéguez Lucena, A. (2022). ""Negacionismo, anticiencia y pseudociencias: ¿en qué se diferencian?"" Cuaderno de Cultura Científica. https://culturacientifica.com/2022/02/14/negacionis"
1. Génesis y condiciones de posibilidad del conocimiento;1.4. Heterodoxia científica, protociencia y anticiencia;Mostrar referencias;8;sanchez2023ciencia;sin_doi;588;Sánchez, R. M. (2023, marzo 11). Ciencia, pseudociencia y protociencia: Conceptos y diferencias clave. Mente y Ciencia. https://www.menteyciencia.com/ciencia-pseudociencia-y-protoc
1. Génesis y condiciones de posibilidad del conocimiento;1.5. Teorías de la verdad y criterios de certeza;Mostrar referencias del aptdo.;1;russell1912problems;sin_doi;635;Russell, B. (1912). Problems of Philosophy. London: Oxford University Press.
1. Génesis y condiciones de posibilidad del conocimiento;1.5. Teorías de la verdad y criterios de certeza;Mostrar referencias del aptdo.;2;david2022correspondence;sin_doi;636;"David, M. (2022). ""The Correspondence Theory of Truth"", The Stanford Encyclopedia of Philosophy, Edward N. Zalta (ed.), https://plato.stanford.edu/entries/truth-correspondence"
1. Génesis y condiciones de posibilidad del conocimiento;1.5. Teorías de la verdad y criterios de certeza;Mostrar referencias del aptdo.;3;knne2003conceptions;VERIFICADO;637;Künne, W. (2003). Conceptions of Truth. En Oxford University Press eBooks. https://doi.org/10.1093/0199241317.001.0001
1. Génesis y condiciones de posibilidad del conocimiento;1.5. Teorías de la verdad y criterios de certeza;Mostrar referencias del aptdo.;4;blanshard1939nature;sin_doi;638;Blanshard, B. (1939). The Nature of Thought. London: Allen & Unwin.
1. Génesis y condiciones de posibilidad del conocimiento;1.5. Teorías de la verdad y criterios de certeza;Mostrar referencias del aptdo.;5;rescher1973coherence;sin_doi;639;Rescher, N. (1973). Coherence Theory of Truth. Londres, Inglaterra: Oxford University Press.
1. Génesis y condiciones de posibilidad del conocimiento;1.5. Teorías de la verdad y criterios de certeza;Mostrar referencias del aptdo.;6;walker2018coherence;sin_doi;640;"Walker, R. C. S. (2018). ""The Coherence Theory of Truth"". In M. Glanzberg (Ed.), The Oxford Handbook of Truth,  (ch. 8: 219-236). Oxford University Press."
1. Génesis y condiciones de posibilidad del conocimiento;1.5. Teorías de la verdad y criterios de certeza;Mostrar referencias del aptdo.;7;damnjanovic2013myth;VERIFICADO;641;Damnjanovic, N., Candlish, S. (2013). The Myth of the Coherence Theory of Truth. In: Textor, M. (eds) Judgement and Truth in Early Analytic Philosophy and Phenomenology. History of
1. Génesis y condiciones de posibilidad del conocimiento;1.5. Teorías de la verdad y criterios de certeza;Mostrar referencias del aptdo.;8;james1907pragmatism;sin_doi;642;James, W. (1907). Pragmatism. New York: Longmans, Green, and Co.
1. Génesis y condiciones de posibilidad del conocimiento;1.5. Teorías de la verdad y criterios de certeza;Mostrar referencias del aptdo.;9;haack1976pragmatist;VERIFICADO;643;Haack, S. (1976). The Pragmatist Theory of Truth. The British Journal For The Philosophy Of Science, 27(3), 231-249. https://doi.org/10.1093/bjps/27.3.231
1. Génesis y condiciones de posibilidad del conocimiento;1.5. Teorías de la verdad y criterios de certeza;Mostrar referencias del aptdo.;10;habermas1984theory;sin_doi;644;Habermas, J. (1984). The Theory of Communicative Action: Reason and the rationalization of society. Boston : Beacon Press.
1. Génesis y condiciones de posibilidad del conocimiento;1.5. Teorías de la verdad y criterios de certeza;Mostrar referencias del aptdo.;11;rehg2009cogent;sin_doi;645;Rehg, William. 2009. Cogent science in context: The science wars, argumentation theory, and Habermas. Mit Press.
1. Génesis y condiciones de posibilidad del conocimiento;1.5. Teorías de la verdad y criterios de certeza;Mostrar referencias del aptdo.;12;kuhn1962structure;sin_doi;646;Kuhn, Thomas S. (1962, 1996). The Structure of Scientific Revolutions. 3rd ed. Chicago: University of Chicago Press.
1. Génesis y condiciones de posibilidad del conocimiento;1.5. Teorías de la verdad y criterios de certeza;Mostrar referencias del aptdo.;13;horwich1998truth;sin_doi;647;Horwich, P. (1998). Truth, Ch. 1, 3. Oxford University Press.
1. Génesis y condiciones de posibilidad del conocimiento;1.5. Teorías de la verdad y criterios de certeza;Mostrar referencias del aptdo.;14;kunne2003conceptions;sin_doi;648;Kunne, W. (2003). Conceptions of Truth. Oxford, Inglaterra: Clarendon Press.
1. Génesis y condiciones de posibilidad del conocimiento;1.5. Teorías de la verdad y criterios de certeza;Mostrar referencias del aptdo.;15;longino1990science;sin_doi;649;Longino, H. E. (1990). Science as Social Knowledge: Values and Objectivity in Scientific Inquiry. Princeton University Press.
1. Génesis y condiciones de posibilidad del conocimiento;1.5. Teorías de la verdad y criterios de certeza;Mostrar referencias del aptdo.;16;boyd1990realism;sin_doi;650;Boyd, R. (1990). Realism, approximate truth, and philosophical method. In C. Wade Savage (Ed.), Scientific Theories, pp. 355-391. University of Minnesota Press.
1. Génesis y condiciones de posibilidad del conocimiento;1.5. Teorías de la verdad y criterios de certeza;Mostrar referencias del aptdo.;17;lynch2009truth;sin_doi;651;Lynch, M. P. (2009). Truth as One and Many. Oxford University Press.
1. Génesis y condiciones de posibilidad del conocimiento;1.5. Teorías de la verdad y criterios de certeza;Mostrar referencias del aptdo.;18;chisholm1989theory;sin_doi;652;Chisholm, R. (1989). Theory of knowledge (3rd ed.). Prentice Hall.
1. Génesis y condiciones de posibilidad del conocimiento;1.6. Paradigmas de racionalidad y conocimiento aplicado;Mostrar referencias;1;kuhn1962structure;sin_doi;679;Kuhn, Thomas S. (1962, 1996). The Structure of Scientific Revolutions. 3rd ed. Chicago: University of Chicago Press, 1996.
1. Génesis y condiciones de posibilidad del conocimiento;1.6. Paradigmas de racionalidad y conocimiento aplicado;Mostrar referencias;2;habermas1984theoryb;sin_doi;680;Habermas, Jürgen (1984). The Theory of Communicative Action, Volume 1: Reason and the Rationalization of Society. Translated by Thomas McCarthy. Boston: Beacon Press.
1. Génesis y condiciones de posibilidad del conocimiento;1.6. Paradigmas de racionalidad y conocimiento aplicado;Mostrar referencias;3;schn1983reflective;sin_doi;681;Schön, Donald A. (1983). The Reflective Practitioner: How Professionals Think in Action. New York: Basic Books.
1. Génesis y condiciones de posibilidad del conocimiento;1.6. Paradigmas de racionalidad y conocimiento aplicado;Caso 1: Disfunciones que agravaron el desastre en la DANA de;1;### SIN_CLAVE ###;;766;**Nivel Técnico-Científico** (AEMET)
1. Génesis y condiciones de posibilidad del conocimiento;1.6. Paradigmas de racionalidad y conocimiento aplicado;Caso 1: Disfunciones que agravaron el desastre en la DANA de;2;### SIN_CLAVE ###;;771;**Nivel Administrativo-Ejecutivo**
1. Génesis y condiciones de posibilidad del conocimiento;1.6. Paradigmas de racionalidad y conocimiento aplicado;Caso 1: Disfunciones que agravaron el desastre en la DANA de;3;### SIN_CLAVE ###;;779;**Nivel Operativo-Emergencias**
1. Génesis y condiciones de posibilidad del conocimiento;1.6. Paradigmas de racionalidad y conocimiento aplicado;Caso 1: Disfunciones que agravaron el desastre en la DANA de;1;### SIN_CLAVE ###;;818;Demora en la toma de decisiones ejecutivas
1. Génesis y condiciones de posibilidad del conocimiento;1.6. Paradigmas de racionalidad y conocimiento aplicado;Caso 1: Disfunciones que agravaron el desastre en la DANA de;2;### SIN_CLAVE ###;;819;Falta de protocolos claros de actuación
1. Génesis y condiciones de posibilidad del conocimiento;1.6. Paradigmas de racionalidad y conocimiento aplicado;Caso 1: Disfunciones que agravaron el desastre en la DANA de;3;### SIN_CLAVE ###;;820;Ausencia de medidas preventivas obligatorias
1. Génesis y condiciones de posibilidad del conocimiento;1.6. Paradigmas de racionalidad y conocimiento aplicado;Caso 1: Disfunciones que agravaron el desastre en la DANA de;1;### SIN_CLAVE ###;;844;**Comportamiento ciudadano inadecuado**
1. Génesis y condiciones de posibilidad del conocimiento;1.6. Paradigmas de racionalidad y conocimiento aplicado;Caso 1: Disfunciones que agravaron el desastre en la DANA de;2;### SIN_CLAVE ###;;848;**Falta de medidas preventivas**
1. Génesis y condiciones de posibilidad del conocimiento;1.6. Paradigmas de racionalidad y conocimiento aplicado;Caso 1: Disfunciones que agravaron el desastre en la DANA de;3;### SIN_CLAVE ###;;852;**Respuesta tardía**
1. Génesis y condiciones de posibilidad del conocimiento;1.6. Paradigmas de racionalidad y conocimiento aplicado;Caso 1: Disfunciones que agravaron el desastre en la DANA de;1;### SIN_CLAVE ###;;858;**Cambio climático**
1. Génesis y condiciones de posibilidad del conocimiento;1.6. Paradigmas de racionalidad y conocimiento aplicado;Caso 1: Disfunciones que agravaron el desastre en la DANA de;2;### SIN_CLAVE ###;;862;**Discontinuidad en proyectos preventivos**
1. Génesis y condiciones de posibilidad del conocimiento;1.6. Paradigmas de racionalidad y conocimiento aplicado;Caso 1: Disfunciones que agravaron el desastre en la DANA de;4;### SIN_CLAVE ###;;901;Preguntas para el análisis crítico
1. Génesis y condiciones de posibilidad del conocimiento;1.6. Paradigmas de racionalidad y conocimiento aplicado;Caso 1: Disfunciones que agravaron el desastre en la DANA de;1;### SIN_CLAVE ###;;903;Epistemológicas:
1. Génesis y condiciones de posibilidad del conocimiento;1.6. Paradigmas de racionalidad y conocimiento aplicado;Caso 1: Disfunciones que agravaron el desastre en la DANA de;2;### SIN_CLAVE ###;;907;Técnicas:
1. Génesis y condiciones de posibilidad del conocimiento;1.6. Paradigmas de racionalidad y conocimiento aplicado;Caso 1: Disfunciones que agravaron el desastre en la DANA de;3;### SIN_CLAVE ###;;911;Sociales:
1. Génesis y condiciones de posibilidad del conocimiento;1.6. Paradigmas de racionalidad y conocimiento aplicado;Caso 1: Disfunciones que agravaron el desastre en la DANA de;1;### SIN_CLAVE ###;;936;Desarrollar marcos epistemológicos más robustos
1. Génesis y condiciones de posibilidad del conocimiento;1.6. Paradigmas de racionalidad y conocimiento aplicado;Caso 1: Disfunciones que agravaron el desastre en la DANA de;2;### SIN_CLAVE ###;;937;Mejorar la integración de sistemas de conocimiento
1. Génesis y condiciones de posibilidad del conocimiento;1.6. Paradigmas de racionalidad y conocimiento aplicado;Caso 1: Disfunciones que agravaron el desastre en la DANA de;3;### SIN_CLAVE ###;;938;Fortalecer los mecanismos de comunicación
1. Génesis y condiciones de posibilidad del conocimiento;1.6. Paradigmas de racionalidad y conocimiento aplicado;Caso 1: Disfunciones que agravaron el desastre en la DANA de;4;### SIN_CLAVE ###;;939;Implementar sistemas de retroalimentación efectivos
1. Génesis y condiciones de posibilidad del conocimiento;1.6. Paradigmas de racionalidad y conocimiento aplicado;Caso 1: Disfunciones que agravaron el desastre en la DANA de;1;aerts2023integrating;DISCREPANCIA;953;"Aerts, J. C., et al. (2023). ""Integrating human behaviour dynamics into flood disaster risk assessment."" *Nature Climate Change*, 8(3), 193-199. https://doi.org/10.1038/s41558-018-"
1. Génesis y condiciones de posibilidad del conocimiento;1.6. Paradigmas de racionalidad y conocimiento aplicado;Caso 1: Disfunciones que agravaron el desastre en la DANA de;2;aznar-crespo2024escribir;VERIFICADO;954;Aznar-Crespo, P., Aledo, A., Ortiz, G., & Tur-Vives, J. (2024). Cómo escribir mensajes de alerta frente a inundaciones. Agua y Territorio / Water And Landscape, 24, e8059. https://
1. Génesis y condiciones de posibilidad del conocimiento;1.6. Paradigmas de racionalidad y conocimiento aplicado;Caso 1: Disfunciones que agravaron el desastre en la DANA de;3;balogway2020evolving;VERIFICADO;955;Balog‐Way, D., McComas, K., & Besley, J. (2020). The Evolving Field of Risk Communication. Risk Analysis, 40(S1), 2240-2262. https://doi.org/10.1111/risa.13615
1. Génesis y condiciones de posibilidad del conocimiento;1.6. Paradigmas de racionalidad y conocimiento aplicado;Caso 1: Disfunciones que agravaron el desastre en la DANA de;4;bodas2022risk;VERIFICADO;956;Bodas, M., Peleg, K., Stolero, N., & Adini, B. (2022). Risk Perception of Natural and Human-Made Disasters—Cross Sectional Study in Eight Countries in Europe and Beyond. Frontiers 
1. Génesis y condiciones de posibilidad del conocimiento;1.6. Paradigmas de racionalidad y conocimiento aplicado;Caso 1: Disfunciones que agravaron el desastre en la DANA de;5;covello2022development;DISCREPANCIA;957;"Covello, Vincent T. (2022). ""Development of Risk Communication Theory and Practice,"" in Communicating in Risk, Crisis, and High Stress Situations: Evidence-Based Strategies and Pra"
1. Génesis y condiciones de posibilidad del conocimiento;1.6. Paradigmas de racionalidad y conocimiento aplicado;Caso 1: Disfunciones que agravaron el desastre en la DANA de;6;baldassarre2013socio;VERIFICADO;958;Di Baldassarre, G., Viglione, A., Carr, G., Kuil, L., Salinas, J. L., & Blöschl, G. (2013). Socio-hydrology: conceptualising human-flood interactions. Hydrology And Earth System Sc
1. Génesis y condiciones de posibilidad del conocimiento;1.6. Paradigmas de racionalidad y conocimiento aplicado;Caso 1: Disfunciones que agravaron el desastre en la DANA de;7;ejem2023social;VERIFICADO;959;Ejem, A. A., Ben-Enukora, C. A., Okeke, S. V., & Nwokeocha, I. M. (2023). Social Amplification and Attenuation of Flood Risk Perception by Broadcast Media Risk Messages During the 
1. Génesis y condiciones de posibilidad del conocimiento;1.6. Paradigmas de racionalidad y conocimiento aplicado;Caso 1: Disfunciones que agravaron el desastre en la DANA de;8;hammood2021systematic;VERIFICADO;960;Hammood, W. A., Arshah, R. A., Asmara, S. M., Halbusi, H. A., Hammood, O. A., & Abri, S. A. (2021). A Systematic Review on Flood Early Warning and Response System (FEWRS): A Deep R
1. Génesis y condiciones de posibilidad del conocimiento;1.6. Paradigmas de racionalidad y conocimiento aplicado;Caso 1: Disfunciones que agravaron el desastre en la DANA de;9;kuller2021creating;VERIFICADO;961;Kuller, M., Schoenholzer, K., & Lienert, J. (2021). Creating effective flood warnings: A framework from a critical review. Journal Of Hydrology, 602, 126708. https://doi.org/10.101
1. Génesis y condiciones de posibilidad del conocimiento;1.6. Paradigmas de racionalidad y conocimiento aplicado;Caso 1: Disfunciones que agravaron el desastre en la DANA de;10;munoz2021coste;PENDIENTE;962;"Moreno Muñoz, M. (2021): ""El coste de la distorsión informativa en situaciones de alerta por fenómenos potencialmente catastróficos"", en Rosalba Mancinas-Chávez, María Luisa Cárden"
1. Génesis y condiciones de posibilidad del conocimiento;1.6. Paradigmas de racionalidad y conocimiento aplicado;Caso 1: Disfunciones que agravaron el desastre en la DANA de;11;munoz2019coste;PENDIENTE;963;"Moreno Muñoz, M. (2019): ""El coste de la manipulación informativa en situaciones de alerta por fenómenos potencialmente catastróficos"". Comunicación en el II Congreso Internacional"
1. Génesis y condiciones de posibilidad del conocimiento;1.6. Paradigmas de racionalidad y conocimiento aplicado;Caso 1: Disfunciones que agravaron el desastre en la DANA de;12;najafi2024high;VERIFICADO;964;Najafi, H., Shrestha, P. K., Rakovec, O., Apel, H., Vorogushyn, S., Kumar, R., Thober, S., Merz, B., & Samaniego, L. (2024). High-resolution impact-based early warning system for r
1. Génesis y condiciones de posibilidad del conocimiento;1.6. Paradigmas de racionalidad y conocimiento aplicado;Caso 1: Disfunciones que agravaron el desastre en la DANA de;13;penningrowsell2000benefits;VERIFICADO;965;Penning‐Rowsell, E. C., Tunstall, S. M., Tapsell, S. M., & Parker, D. J. (2000). The Benefits of Flood Warnings: Real But Elusive, and Politically Significant. Water And Environmen
1. Génesis y condiciones de posibilidad del conocimiento;1.6. Paradigmas de racionalidad y conocimiento aplicado;Caso 1: Disfunciones que agravaron el desastre en la DANA de;14;rollason2018rethinking;VERIFICADO;966;Rollason, E., Bracken, L. J., Hardy, R. J., & Large, A. R. G. (2018). Rethinking flood risk communication. Natural Hazards, 92(3), 1665-1686. https://doi.org/10.1007/s11069-018-327
1. Génesis y condiciones de posibilidad del conocimiento;1.6. Paradigmas de racionalidad y conocimiento aplicado;Caso 1: Disfunciones que agravaron el desastre en la DANA de;15;institute2023making;sin_doi;967;Stockholm Environment Institute. (2023, 5 diciembre). Making lives safe from floods: Four steps for an effective flood warning system | SEI. SEI. https://www.sei.org/perspectives/m
1. Génesis y condiciones de posibilidad del conocimiento;1.6. Paradigmas de racionalidad y conocimiento aplicado;Caso 1: Disfunciones que agravaron el desastre en la DANA de;16;wachinger2012risk;VERIFICADO;968;Wachinger, G., Renn, O., Begg, C., & Kuhlicke, C. (2012). The Risk Perception Paradox—Implications for Governance and Communication of Natural Hazards. Risk Analysis, 33(6), 1049-1
1. Génesis y condiciones de posibilidad del conocimiento;1.6. Paradigmas de racionalidad y conocimiento aplicado;Caso 2: Licencia de actividad en zonas inundables de Granada;1;### SIN_CLAVE ###;;1016;Albolote
1. Génesis y condiciones de posibilidad del conocimiento;1.6. Paradigmas de racionalidad y conocimiento aplicado;Caso 2: Licencia de actividad en zonas inundables de Granada;2;### SIN_CLAVE ###;;1017;Beas de Granada
1. Génesis y condiciones de posibilidad del conocimiento;1.6. Paradigmas de racionalidad y conocimiento aplicado;Caso 2: Licencia de actividad en zonas inundables de Granada;3;### SIN_CLAVE ###;;1018;Chauchina
1. Génesis y condiciones de posibilidad del conocimiento;1.6. Paradigmas de racionalidad y conocimiento aplicado;Caso 2: Licencia de actividad en zonas inundables de Granada;4;### SIN_CLAVE ###;;1019;Chauchina y Santa Fe
1. Génesis y condiciones de posibilidad del conocimiento;1.6. Paradigmas de racionalidad y conocimiento aplicado;Caso 2: Licencia de actividad en zonas inundables de Granada;5;### SIN_CLAVE ###;;1020;Cortes de Baza
1. Génesis y condiciones de posibilidad del conocimiento;1.6. Paradigmas de racionalidad y conocimiento aplicado;Caso 2: Licencia de actividad en zonas inundables de Granada;6;### SIN_CLAVE ###;;1021;Cortes y Graena
1. Génesis y condiciones de posibilidad del conocimiento;1.6. Paradigmas de racionalidad y conocimiento aplicado;Caso 2: Licencia de actividad en zonas inundables de Granada;7;### SIN_CLAVE ###;;1022;Fornes
1. Génesis y condiciones de posibilidad del conocimiento;1.6. Paradigmas de racionalidad y conocimiento aplicado;Caso 2: Licencia de actividad en zonas inundables de Granada;8;### SIN_CLAVE ###;;1023;Las Gabias
1. Génesis y condiciones de posibilidad del conocimiento;1.6. Paradigmas de racionalidad y conocimiento aplicado;Caso 2: Licencia de actividad en zonas inundables de Granada;9;### SIN_CLAVE ###;;1024;Montefrío
1. Génesis y condiciones de posibilidad del conocimiento;1.6. Paradigmas de racionalidad y conocimiento aplicado;Caso 2: Licencia de actividad en zonas inundables de Granada;10;### SIN_CLAVE ###;;1025;Riofrío
1. Génesis y condiciones de posibilidad del conocimiento;1.6. Paradigmas de racionalidad y conocimiento aplicado;Caso 2: Licencia de actividad en zonas inundables de Granada;11;### SIN_CLAVE ###;;1026;Salar
1. Génesis y condiciones de posibilidad del conocimiento;1.6. Paradigmas de racionalidad y conocimiento aplicado;Caso 2: Licencia de actividad en zonas inundables de Granada;12;### SIN_CLAVE ###;;1027;Valderrubio
1. Génesis y condiciones de posibilidad del conocimiento;1.6. Paradigmas de racionalidad y conocimiento aplicado;Caso 2: Licencia de actividad en zonas inundables de Granada;1;### SIN_CLAVE ###;;1046;NC (Sept. 2023). Inundaciones: nuevo método de la UCLM y el CSIC para crear mapas de riesgos más fiables.
1. Génesis y condiciones de posibilidad del conocimiento;1.6. Paradigmas de racionalidad y conocimiento aplicado;Caso 2: Licencia de actividad en zonas inundables de Granada;2;### SIN_CLAVE ###;;1047;Guía de aplicación del plan acción territorial sobre prevención del riesgo de inundación en la Comunidad Valenciana.
1. Génesis y condiciones de posibilidad del conocimiento;1.6. Paradigmas de racionalidad y conocimiento aplicado;Caso 2: Licencia de actividad en zonas inundables de Granada;3;### SIN_CLAVE ###;;1048;Guías de adaptación al riesgo de inundación y criterios constructivos de nuevas edificaciones en zonas inundables.
1. Génesis y condiciones de posibilidad del conocimiento;1.6. Paradigmas de racionalidad y conocimiento aplicado;Caso 2: Licencia de actividad en zonas inundables de Granada;4;### SIN_CLAVE ###;;1049;Guía para la reducción de la vulnerabilidad de los edificios frente a las inundaciones.
1. Génesis y condiciones de posibilidad del conocimiento;1.6. Paradigmas de racionalidad y conocimiento aplicado;Caso 2: Licencia de actividad en zonas inundables de Granada;5;### SIN_CLAVE ###;;1050;"El plan antirriadas identifica 25 municipios con ""muy alto"" riesgo de inundación. Los planes generales de 23 poblaciones aumentan el riesgo. ."
1. Génesis y condiciones de posibilidad del conocimiento;1.6. Paradigmas de racionalidad y conocimiento aplicado;Caso 2: Licencia de actividad en zonas inundables de Granada;6;### SIN_CLAVE ###;;1051;Ley 10/2001, de 5 de julio, del Plan Hidrológico Nacional.    .
1. Génesis y condiciones de posibilidad del conocimiento;1.6. Paradigmas de racionalidad y conocimiento aplicado;Caso 2: Licencia de actividad en zonas inundables de Granada;7;### SIN_CLAVE ###;;1052;P. García-Trevijano (12/112022): Estas son las 30 zonas de riesgo de inundación de la Costa de Granada. .
1. Génesis y condiciones de posibilidad del conocimiento;1.6. Paradigmas de racionalidad y conocimiento aplicado;Caso 2: Licencia de actividad en zonas inundables de Granada;1;anonsfhref;sin_doi;1060;"**La <a href=""https://www.granadahoy.com/provincia/chg-avisa-ayuntamientos-granada-evitar-construir-inundables-cauces-urbanos_0_2002362159.html"
1. Génesis y condiciones de posibilidad del conocimiento;1.6. Paradigmas de racionalidad y conocimiento aplicado;Caso 2: Licencia de actividad en zonas inundables de Granada;2;### SIN_CLAVE ###;;1074;Incumplimiento de la normativa vigente:
1. Génesis y condiciones de posibilidad del conocimiento;1.6. Paradigmas de racionalidad y conocimiento aplicado;Caso 2: Licencia de actividad en zonas inundables de Granada;3;### SIN_CLAVE ###;;1082;**La Junta declara desastre natural en 13 municipios por la DANA en Granada**
1. Génesis y condiciones de posibilidad del conocimiento;1.7. Creencias pseudocientíficas y errores metodológicos asociados;Fallos de memoria y creencias pseudocientíficas;1;fecyt2020este;sin_doi;1234;Las creencias pseudocientíficas están ampliamente extendidas en la población general. Estudios recientes muestran que un alto porcentaje de personas en diversos países confía en pr
1. Génesis y condiciones de posibilidad del conocimiento;1.7. Creencias pseudocientíficas y errores metodológicos asociados;Fallos de memoria y creencias pseudocientíficas;2;embargo2024aporta;sin_doi;1236;Sin embargo, investigaciones recientes han encontrado correlaciones interesantes entre las creencias pseudocientíficas y ciertos procesos cognitivos. El estudio realizado por Martí
1. Génesis y condiciones de posibilidad del conocimiento;1.7. Creencias pseudocientíficas y errores metodológicos asociados;Fallos de memoria y creencias pseudocientíficas;3;memorias1998cualquier;sin_doi;1238;Las falsas memorias, definidas como recuerdos de eventos que nunca ocurrieron o recuerdos distorsionados de eventos reales, son un fenómeno normal en la cognición humana (Lampinen 
1. Génesis y condiciones de posibilidad del conocimiento;1.7. Creencias pseudocientíficas y errores metodológicos asociados;Fallos de memoria y creencias pseudocientíficas;1;fecyt2020encuesta;sin_doi;1250;FECYT. (2020). 10.ª Encuesta de percepción social de la ciencia y la tecnología-2020. Gobierno de España, Ministerio de Ciencia e Innovación.
1. Génesis y condiciones de posibilidad del conocimiento;1.7. Creencias pseudocientíficas y errores metodológicos asociados;Fallos de memoria y creencias pseudocientíficas;2;lampinen1998memory;sin_doi;1251;Lampinen, J. M., Neuschatz, J. S., & Payne, D. G. (1998). Memory illusions and consciousness: Examining the phenomenology of true and false memories. Current Psychology, 16(3), 181
1. Génesis y condiciones de posibilidad del conocimiento;1.7. Creencias pseudocientíficas y errores metodológicos asociados;Fallos de memoria y creencias pseudocientíficas;3;lindeman2016does;sin_doi;1252;Lindeman, M., & Svedholm‐Häkkinen, A. M. (2016). Does Poor Understanding of Physical World Predict Religious and Paranormal Beliefs? Applied Cognitive Psychology, 30(5), 736-742.
1. Génesis y condiciones de posibilidad del conocimiento;1.7. Creencias pseudocientíficas y errores metodológicos asociados;Fallos de memoria y creencias pseudocientíficas;4;martinez2024proneness;sin_doi;1253;Martínez, N., Barberia, I., & Rodríguez-Ferreiro, J. (2024). Proneness to false memory generation predicts pseudoscientific belief endorsement. Cognitive Research: Principles and I
1. Génesis y condiciones de posibilidad del conocimiento;1.8. El desarrollo de la medicina científica;Elementos a considerar en un experimento controlado;1;### SIN_CLAVE ###;;1294;Khan A. Lecciones de biología.
1. Génesis y condiciones de posibilidad del conocimiento;1.8. El desarrollo de la medicina científica;Elementos a considerar en un experimento controlado;2;anthony2008ocean;sin_doi;1295;Anthony, K. R. N., D. I. Kline, G. Diaz-Pulido, S. Dove, y O. Hoegh-Guldberg. 2008. “Ocean Acidification Causes Bleaching and Productivity Loss in Coral Reef Builders”. Proceedings
1. Génesis y condiciones de posibilidad del conocimiento;1.8. El desarrollo de la medicina científica;Elementos a considerar en un experimento controlado;3;oceanic2010what;sin_doi;1296;NOAA (National Oceanic and Atmospheric Administration). 2010. “What Is Coral Bleaching?” .
1. Génesis y condiciones de posibilidad del conocimiento;1.8. El desarrollo de la medicina científica;Mostrar referencias y enlaces;1;hill1952clinical;VERIFICADO;1308;Hill, A. B. (1952). The clinical trial. New England Journal Of Medicine, 247(4), 113-119. https://doi.org/10.1056/nejm195207242470401
1. Génesis y condiciones de posibilidad del conocimiento;1.8. El desarrollo de la medicina científica;Mostrar referencias y enlaces;2;jadad1996assessing;PENDIENTE;1309;Jadad, A. R., Moore, R., Carroll, D., Jenkinson, C., Reynolds, D. M., Gavaghan, D. J., & McQuay, H. J. (1996). Assessing the quality of reports of randomized clinical trials: Is bl
1. Génesis y condiciones de posibilidad del conocimiento;1.8. El desarrollo de la medicina científica;Mostrar referencias y enlaces;3;moher2001consort;sin_doi;1310;Moher, D., Schulz, K. F., & Altman, D. G. (2001). The CONSORT statement: revised recommendations for improving the quality of reports of parallel-group randomised trials. Lancet (L
1. Génesis y condiciones de posibilidad del conocimiento;1.8. El desarrollo de la medicina científica;Mostrar referencias y enlaces;4;moher2009preferred;PENDIENTE;1311;Moher, D., Liberati, A., Tetzlaff, J., Altman, D. G., & PRISMA Group (2009). Preferred reporting items for systematic reviews and meta-analyses: the PRISMA statement. PLoS medicine
1. Génesis y condiciones de posibilidad del conocimiento;1.8. El desarrollo de la medicina científica;Mostrar referencias y enlaces;5;hirsch2005index;PENDIENTE;1312;Hirsch, J. E. (2005). An index to quantify an individual’s scientific research output. Proceedings Of The National Academy Of Sciences, 102(46), 16569-16572. https://doi.org/10.107
1. Génesis y condiciones de posibilidad del conocimiento;1.8. El desarrollo de la medicina científica;Mostrar referencias y enlaces;1;indicadoressfindicadores;sin_doi;1315;Indicadores de calidad - Semicyuc. https://semicyuc.org/wp-content/uploads/2018/10/indicadoresdecalidad2017_semicyuc_spa-1.pdf.
1. Génesis y condiciones de posibilidad del conocimiento;1.8. El desarrollo de la medicina científica;Mostrar referencias y enlaces;2;indicadoressfindicadoresb;sin_doi;1316;Indicadores bibliométricos y su importancia en la investigación clínica. https://scielo.isciii.es/scielo.php?script=sci_arttext&pid=S1134-80462019000500012.
1. Génesis y condiciones de posibilidad del conocimiento;1.8. El desarrollo de la medicina científica;Mostrar referencias y enlaces;3;identificacionsfidentificacion;sin_doi;1317;Identificación de indicadores de buenas prácticas en gestión clínica. https://www.elsevier.es/en-revista-journal-healthcare-quality-research-257-articulo-identificacion-indicadores
1. Génesis y condiciones de posibilidad del conocimiento;1.8. El desarrollo de la medicina científica;Mostrar referencias y enlaces;4;indicadoressfindicadoresc;VERIFICADO;1318;Indicadores bibliométricos y su importancia en la investigación clínica. https://dx.doi.org/10.20986/resed.2018.3659/2018.
1. Génesis y condiciones de posibilidad del conocimiento;1.8. El desarrollo de la medicina científica;Mostrar referencias;1;gomez-garcia2019systematic;DISCREPANCIA;1349;Gómez-García, F. et al. (2019). Systematic reviews and meta-analyses on psoriasis: role of funding sources, conflict of interest and efficacy of therapies. British Journal of Derma
1. Génesis y condiciones de posibilidad del conocimiento;1.8. El desarrollo de la medicina científica;Mostrar referencias;2;page2021prisma;PENDIENTE;1350;Page, M. J. et al. (2021). The PRISMA 2020 statement: An updated guideline for reporting systematic reviews. PLOS Medicine, 18(3), e1003583. https://doi.org/10.1371/journal.pmed.10
1. Génesis y condiciones de posibilidad del conocimiento;1.8. El desarrollo de la medicina científica;Mostrar referencias;3;cohen2016stard;VERIFICADO;1351;Cohen, J. F. et al. (2016). STARD 2015 guidelines for reporting diagnostic accuracy studies: explanation and elaboration. BMJ Open, 6(11), e012799. https://doi.org/10.1136/bmjopen-
1. Génesis y condiciones de posibilidad del conocimiento;1.8. El desarrollo de la medicina científica;Mostrar enlaces asociados (Tabla 3);1;identificacionsfidentificacionb;sin_doi;1384;Identificación de indicadores de resultado en salud. https://www.elsevier.es/es-revista-revista-calidad-asistencial-256-articulo-identificacion-indicadores-resultado-salud-atencion
1. Génesis y condiciones de posibilidad del conocimiento;1.8. El desarrollo de la medicina científica;Mostrar enlaces asociados (Tabla 3);2;escalassfescalas;sin_doi;1385;Escalas y listas de evaluación de la calidad de estudios científicos. http://www.acimed.sld.cu/index.php/acimed/article/view/438/318.
1. Génesis y condiciones de posibilidad del conocimiento;1.8. El desarrollo de la medicina científica;Mostrar enlaces asociados (Tabla 3);3;calidadsfcalidad;sin_doi;1386;Calidad metodológica del trabajo de grado. https://www.elsevier.es/es-revista-educacion-medica-71-avance-resumen-calidad-metodologica-del-trabajo-grado-S1575181316300936.
1. Génesis y condiciones de posibilidad del conocimiento;1.8. El desarrollo de la medicina científica;Mostrar enlaces asociados (Tabla 3);4;comosfanalizar;sin_doi;1387;Cómo analizar la calidad de un artículo científico (Elsevier). https://www.elsevier.com/es-es/connect/educacion-medica/analizar-calidad-articulo-cientifico-guia-de-publicacion-cons
1. Génesis y condiciones de posibilidad del conocimiento;1.8. El desarrollo de la medicina científica;Metodología Cochrane para la revisión de ensayos clínicos;1;### SIN_CLAVE ###;;1403;"Componentes recogidos en ""*Core methods*"" y su pertinencia."
1. Génesis y condiciones de posibilidad del conocimiento;1.8. El desarrollo de la medicina científica;Metodología Cochrane para la revisión de ensayos clínicos;2;### SIN_CLAVE ###;;1404;Implicaciones de los aspectos recogidos en la Parte 3 (*Specific perspectives*), en particular:
1. Génesis y condiciones de posibilidad del conocimiento;1.8. El desarrollo de la medicina científica;Metodología Cochrane para la revisión de ensayos clínicos;3;### SIN_CLAVE ###;;1410;Analizar cuáles podrían ser extrapolables a la investigación en humanidades y ciencias sociales.
1. Génesis y condiciones de posibilidad del conocimiento;1.9. Sesgos y riesgo de distorsión metodológica en otras disciplinas;Mostrar enlaces y referencias del aptdo.;1;sterne2019revised;VERIFICADO;1566;Sterne, J. A. C. et al. (2019). RoB 2: A revised tool for assessing risk of bias in randomised trials. BMJ, 366, l4898. https://doi.org/10.1136/bmj.l4898.
1. Génesis y condiciones de posibilidad del conocimiento;1.9. Sesgos y riesgo de distorsión metodológica en otras disciplinas;Mostrar enlaces y referencias del aptdo.;2;higgins2021assessing;sin_doi;1567;Higgins, J. P. T. et al. (2021). Assessing risk of bias in a randomized trial. In J. P. T. Higgins, J. Thomas, J. Chandler, M. Cumpston, T. Li, M. J. Page, & V. A. Welch (Eds.), Co
1. Génesis y condiciones de posibilidad del conocimiento;1.9. Sesgos y riesgo de distorsión metodológica en otras disciplinas;Mostrar enlaces y referencias del aptdo.;3;page2021assessing;sin_doi;1568;Page, M. J. et al. (2021). Assessing risk of bias due to missing results in a synthesis. In J. P. T. Higgins, J. Thomas, J. Chandler, M. Cumpston, T. Li, M. J. Page, & V. A. Welch 
1. Génesis y condiciones de posibilidad del conocimiento;1.9. Sesgos y riesgo de distorsión metodológica en otras disciplinas;Mostrar enlaces y referencias del aptdo.;4;cuesta2021errores;VERIFICADO;1569;De la Cuesta, D. G. (2021). Errores y sesgos en investigación clínica. Enfermería Intensiva, 32(4), 220-223. https://doi.org/10.1016/j.enfi.2021.03.003.
1. Génesis y condiciones de posibilidad del conocimiento;1.9. Sesgos y riesgo de distorsión metodológica en otras disciplinas;Mostrar enlaces y referencias del aptdo.;5;blanco2018blanco;sin_doi;1570;Blanco, D. (1/10/2018): Cómo analizar la calidad de un artículo científico: el riesgo de sesgo y la guía de publicación CONSORT en ensayos aleatorizados. https://www.elsevier.com/e
1. Génesis y condiciones de posibilidad del conocimiento;1.10. Mala praxis y publicidad fraudulenta en medicina y salud;Mostrar referencias y enlaces;1;popper1963conjectures;sin_doi;1636;Popper, Karl (1963). Conjectures and Refutations: The Growth of Scientific Knowledge. London: Routledge. Caps. 1 y 10.
1. Génesis y condiciones de posibilidad del conocimiento;1.10. Mala praxis y publicidad fraudulenta en medicina y salud;Mostrar referencias y enlaces;2;anon2018lasexta;sin_doi;1637;laSexta.com (21/10/2018). El imperio económico de las pseudociencias: así ganan miles de millones de euros por remedios sin base científica. https://www.lasexta.com/noticias/socied
1. Génesis y condiciones de posibilidad del conocimiento;1.10. Mala praxis y publicidad fraudulenta en medicina y salud;Mostrar referencias y enlaces;3;bunge2002crisis;sin_doi;1638;Bunge, Mario A. (2002). Crisis y reconstrucción de la filosofía. Barcelona: Editorial Gedisa. Caps. 7-8.
1. Génesis y condiciones de posibilidad del conocimiento;1.10. Mala praxis y publicidad fraudulenta en medicina y salud;Mostrar referencias y enlaces;4;pereda2018pereda;sin_doi;1639;Pereda, Olga y Raffio, Valentina (19/10/2018). Los imperios económicos de los charlatanes de la pseudociencia. https://www.elperiodico.com/es/sociedad/20181019/facturacion-empresas
1. Génesis y condiciones de posibilidad del conocimiento;1.10. Mala praxis y publicidad fraudulenta en medicina y salud;Mostrar referencias y enlaces;5;### SIN_CLAVE ###;;1640;Laudan, Larry (1996). Beyond positivism and relativism: Theory, method, and evidence. Westview Press (hoy Routledge).
1. Génesis y condiciones de posibilidad del conocimiento;1.10. Mala praxis y publicidad fraudulenta en medicina y salud;Mostrar referencias y enlaces;6;ernst2012ernst;sin_doi;1641;"Ernst, Edzard (3/04/2012). ""Why I changed my mind about homeopathy"".  The Guardian, https://www.theguardian.com/science/blog/2012/apr/03/homeopathy-why-i-changed-my-mind."
1. Génesis y condiciones de posibilidad del conocimiento;1.10. Mala praxis y publicidad fraudulenta en medicina y salud;Mostrar referencias y enlaces;7;cosce2018cosce;sin_doi;1642;COSCE (8/06/2018). Pseudociencias y pseudoterapias. Una verdad igualmente incómoda. https://cosce.org/pseudociencias-y-pseudoterapias-una-verdad-igualmente-incomoda-jornada-cosce-2
1. Génesis y condiciones de posibilidad del conocimiento;1.10. Mala praxis y publicidad fraudulenta en medicina y salud;Mostrar referencias y enlaces;8;finniss2010biological;VERIFICADO;1643;Finniss, Damien G., Ted J. Kaptchuk, Franklin Miller, y Fabrizio Benedetti. 2010. “Biological, Clinical, and Ethical Advances of Placebo Effects”. Lancet 375 (9715): 686–95. https:
1. Génesis y condiciones de posibilidad del conocimiento;1.10. Mala praxis y publicidad fraudulenta en medicina y salud;Mostrar referencias y enlaces;9;shmerling2020shmerling;sin_doi;1644;"Shmerling, Robert H. (22/06/2020). “The Placebo Effect: Amazing and Real”. Harvard Health.  https://www.health.harvard.edu/blog/the-placebo-effect-amazing-and-real-201511028544; “T"
1. Génesis y condiciones de posibilidad del conocimiento;1.11. Intrusismo profesional;Mostrar referencias;1;linde2024batalla;sin_doi;1718;Linde, P. (2024, September 30). La batalla por la cirugía estética: ¿qué médicos pueden operar? El País. https://elpais.com/sociedad/2024-09-30/la-batalla-por-la-cirugia-estetica-q
1. Génesis y condiciones de posibilidad del conocimiento;1.11. Intrusismo profesional;Mostrar referencias;2;arenales2022sara;sin_doi;1719;Arenales, M. G. (2022, 18 enero). «Sara tenía 30 perforaciones en varios órganos, lesiones más propias de una reyerta con armas»: la muerte en España de una mujer tras una operació
1. Génesis y condiciones de posibilidad del conocimiento;1.11. Intrusismo profesional;Mostrar referencias;3;quadrado2024sara;sin_doi;1720;Quadrado, S. (2024, 22 septiembre). Sara Gómez y la liposucción letal que ha traído justicia. La Vanguardia. https://www.lavanguardia.com/vida/20240922/9958358/sara-gomez-liposucci
1. Génesis y condiciones de posibilidad del conocimiento;1.11. Intrusismo profesional;Mostrar referencias;4;savitha2020recommendations;VERIFICADO;1721;Savitha, A. et al. (2020). Recommendations for cutaneous and aesthetic surgeries during COVID-19 pandemic. Journal Of Cutaneous And Aesthetic Surgery, 13(2), 77. https://doi.org/10
1. Génesis y condiciones de posibilidad del conocimiento;1.11. Intrusismo profesional;Mostrar referencias;5;atiyeh2008aesthetic;VERIFICADO;1722;Atiyeh, B. S., Rubeiz, M. T., & Hayek, S. N. (2008). Aesthetic/Cosmetic Surgery and Ethical Challenges. Aesthetic Plastic Surgery, 32(6), 829-839. https://doi.org/10.1007/s00266-00
1. Génesis y condiciones de posibilidad del conocimiento;1.11. Intrusismo profesional;Mostrar referencias;6;beauchamp2019principles;sin_doi;1723;Beauchamp, T. L., & Childress, J. F. (2019). *Principles of biomedical ethics* (8th ed.). Oxford University Press.
1. Génesis y condiciones de posibilidad del conocimiento;1.11. Intrusismo profesional;Mostrar referencias;7;freire2015analysis;VERIFICADO;1724;Freire, J., Infante, A., De Aguiar, A. C., & Carbajo, P. (2015). An analysis of the medical specialty training system in Spain. Human Resources For Health, 13(1). https://doi.org/1
1. Génesis y condiciones de posibilidad del conocimiento;1.11. Intrusismo profesional;Cómo un campo disciplinar consolida o pierde su estatus cien;1;becher2001academic;sin_doi;1827;Becher, T., & Trowler, P. R. (2001). Academic tribes and territories: Intellectual enquiry and the culture of disciplines. McGraw-Hill Education (UK).
1. Génesis y condiciones de posibilidad del conocimiento;1.11. Intrusismo profesional;Cómo un campo disciplinar consolida o pierde su estatus cien;2;bernstein1999vertical;sin_doi;1828;Bernstein, B. (1999). Vertical and horizontal discourse: An essay. British journal of sociology of education, 20(2), 157-173.
1. Génesis y condiciones de posibilidad del conocimiento;1.11. Intrusismo profesional;Cómo un campo disciplinar consolida o pierde su estatus cien;3;gardner1999intelligence;sin_doi;1829;Gardner, H. (1999). Intelligence reframed: Multiple intelligences for the 21st century. Basic books.
1. Génesis y condiciones de posibilidad del conocimiento;1.11. Intrusismo profesional;Cómo un campo disciplinar consolida o pierde su estatus cien;4;tight2020higher;VERIFICADO;1830;Tight, M. (2020). “Higher Education: Discipline or Field of Study?” Tertiary Education and Management 26 (4): 415–28. https://doi.org/10.1007/s11233-020-09060-2.
1. Génesis y condiciones de posibilidad del conocimiento;1.11. Intrusismo profesional;Cómo un campo disciplinar consolida o pierde su estatus cien;5;zhang2022comparing;VERIFICADO;1831;Zhang, L. et al. (2022). “Comparing Paper Level Classifications across Different Methods and Systems: An Investigation of Nature Publications”. Scientometrics 127 (12): 7633–51. ht
1. Génesis y condiciones de posibilidad del conocimiento;1.11. Intrusismo profesional;Mostrar referencias;1;rose2012human;PENDIENTE;1882;Rose, N. S. (2012). The human sciences in a biological age. University of Western Sydney. https://doi.org/10.4225/35/57A960870AC60
1. Génesis y condiciones de posibilidad del conocimiento;1.11. Intrusismo profesional;Mostrar referencias;2;cioffi2018freud;sin_doi;1883;Cioffi, F. (2018). Freud and the question of pseudoscience. Open Court.
1. Génesis y condiciones de posibilidad del conocimiento;1.11. Intrusismo profesional;Mostrar referencias;3;eriksen2015small;sin_doi;1884;Eriksen, T. H. (2015). Small places, large issues: An introduction to social and cultural anthropology (4th ed.). Pluto Press.
1. Génesis y condiciones de posibilidad del conocimiento;1.11. Intrusismo profesional;Mostrar referencias;4;freeman1983margaret;sin_doi;1885;Freeman, D. (1983). Margaret Mead and Samoa: The making and unmaking of an anthropological myth. Harvard University Press.
1. Génesis y condiciones de posibilidad del conocimiento;1.11. Intrusismo profesional;Mostrar referencias;5;hempenstall2017truths;sin_doi;1886;Hempenstall, P. (2017). Truth’s Fool: Derek Freeman and the war over cultural anthropology. University of Wisconsin Press.
1. Génesis y condiciones de posibilidad del conocimiento;1.11. Intrusismo profesional;Mostrar referencias;6;gazzaniga2018cognitive;sin_doi;1887;Gazzaniga, Michael S., Richard B. Ivry, and George R. Mangun (2018). Cognitive Neuroscience: The Biology of the Mind. New York: W.W. Norton & Company.
1. Génesis y condiciones de posibilidad del conocimiento;1.11. Intrusismo profesional;Mostrar referencias;7;satel2013brainwashed;sin_doi;1888;Satel, Sally, and Scott O. Lilienfeld (2013). Brainwashed: The Seductive Appeal of Mindless Neuroscience. New York: Basic Books.
1. Génesis y condiciones de posibilidad del conocimiento;1.11. Intrusismo profesional;Mostrar referencias;8;naegele2018naegele;sin_doi;1889;Naegele, Janice R. (14/03/2018). Controversial brain study has scientists rethinking neuron research. https://theconversation.com/controversial-brain-study-has-scientists-rethinkin
1. Génesis y condiciones de posibilidad del conocimiento;1.11. Intrusismo profesional;Mostrar referencias;9;mller2017neurotechnology;VERIFICADO;1890;Müller, Oliver, y Stefan Rotter (2017). “Neurotechnology: Current developments and ethical issues”. Frontiers in systems neuroscience 11. https://doi.org/10.3389/fnsys.2017.00093. 
1. Génesis y condiciones de posibilidad del conocimiento;1.11. Intrusismo profesional;Mostrar referencias;11;crews2017freud;sin_doi;1891;Crews, Frederick C. (2017). Freud: The Making of an Illusion. New York: Metropolitan Books.
1. Génesis y condiciones de posibilidad del conocimiento;1.11. Intrusismo profesional;Mostrar referencias;12;eagle2007psychoanalysis;VERIFICADO;1892;Eagle, Morris N. (2007). “Psychoanalysis and Its Critics”. Psychoanalytic Psychology: The Official Journal of the Division of Psychoanalysis, American Psychological Association, Di
1. Génesis y condiciones de posibilidad del conocimiento;1.11. Intrusismo profesional;Mostrar referencias;13;brown2018perspectives;sin_doi;1893;Brown, Nina, Laura Tubelle de Gonzalez, y Thomas McIlwraith (2018). Perspectives: An Open Invitation to Cultural Anthropology.
1. Génesis y condiciones de posibilidad del conocimiento;1.11. Intrusismo profesional;Mostrar referencias;14;trouillot2015silencing;sin_doi;1894;Trouillot, Michel-Rolph (2015). Silencing the Past: Power and the Production of History. Boston: Beacon Press.
1. Génesis y condiciones de posibilidad del conocimiento;1.11. Intrusismo profesional;Mostrar referencias;15;geertz1973interpretation;sin_doi;1895;Geertz, Clifford (1973). The Interpretation of Cultures: Selected Essays. New York: Basic Books.
1. Génesis y condiciones de posibilidad del conocimiento;1.11. Intrusismo profesional;Mostrar referencias;16;salas2016revision;sin_doi;1896;Salas, J. (2016, julio 29). Una revisión invalida miles de estudios del cerebro. El País. https://elpais.com/elpais/2016/07/26/ciencia/1469532340_615895.html
1. Génesis y condiciones de posibilidad del conocimiento;1.11. Intrusismo profesional;Mostrar referencias;17;eklund2016cluster;VERIFICADO;1897;Eklund, A., Nichols, T. E., & Knutsson, H. (2016, June 28). Cluster failure: Why fMRI inferences for spatial extent have inflated false-positive rates. Proceedings of the National 
1. Génesis y condiciones de posibilidad del conocimiento;1.11. Intrusismo profesional;Mostrar referencias;18;al2016proceedings;VERIFICADO;1898;Correction for Eklund et al., Cluster failure: Why fMRI inferences for spatial extent have inflated false-positive rates. (2016). Proceedings of the National Academy of Sciences, 1
1. Génesis y condiciones de posibilidad del conocimiento;1.11. Intrusismo profesional;Mostrar referencias;19;ciencia2023ref;PENDIENTE;1899;Oficina de Ciencia y Tecnología del Congreso de los Diputados (Oficina C). Informe C. Avances en neurociencia: aplicaciones e implicaciones éticas. (2023) www.doi.org/10.57952/N5JW
1. Génesis y condiciones de posibilidad del conocimiento;1.11. Intrusismo profesional;Mostrar enlaces y referencias;1;historiasfhistoria;sin_doi;1942;Historia de la ciencia en el Renacimiento. https://es.wikipedia.org/wiki/Historia_de_la_ciencia_en_el_Renacimiento
1. Génesis y condiciones de posibilidad del conocimiento;1.11. Intrusismo profesional;Mostrar enlaces y referencias;2;anonsfrenacimiento;sin_doi;1943;El Renacimiento y la revolución científica. https://historiadelaciencia-mnieto.uniandes.edu.co/pdf/RENACIMIENTOYREVOLUCION.pdf
1. Génesis y condiciones de posibilidad del conocimiento;1.11. Intrusismo profesional;Mostrar enlaces y referencias;3;exposicionsfexposicion;sin_doi;1944;Exposición bibliográfica: La Ciencia en el Renacimiento. https://biblioteca.unizar.es/biblioteca-general/exposicion-bibliografica-la-ciencia-en-el-renacimiento
1. Génesis y condiciones de posibilidad del conocimiento;1.11. Intrusismo profesional;Mostrar enlaces y referencias;4;aroney2023reassessing;VERIFICADO;1945;Aroney, M. (2023). Reassessing the marginalization of astrology in the early modern world. The Historical Journal, 66(5), 1152-1176. https://doi.org/10.1017/S0018246X23000328
1. Génesis y condiciones de posibilidad del conocimiento;1.11. Intrusismo profesional;Mostrar enlaces y referencias;5;clements2017intellectual;sin_doi;1946;Clements, J. (2017). The intellectual and social declines of alchemy and astrology, circa 1650–1720 (Doctoral dissertation, University of York).
1. Génesis y condiciones de posibilidad del conocimiento;1.11. Intrusismo profesional;Mostrar enlaces y referencias;1;metodosfmetodo;sin_doi;1988;Método científico. https://es.wikipedia.org/wiki/M%C3%A9todo_cient%C3%ADfico.
1. Génesis y condiciones de posibilidad del conocimiento;1.11. Intrusismo profesional;Mostrar enlaces y referencias;2;cienciassfciencias;sin_doi;1989;Ciencias formales. https://es.wikipedia.org/wiki/Ciencias_formales.
1. Génesis y condiciones de posibilidad del conocimiento;1.11. Intrusismo profesional;Mostrar enlaces y referencias;3;anonsfmetodo;sin_doi;1990;El método científico. https://es.khanacademy.org/science/biology/intro-to-biology/science-of-biology/a/the-science-of-biology.
1. Génesis y condiciones de posibilidad del conocimiento;1.11. Intrusismo profesional;Mostrar enlaces y referencias;4;filosofiasffilosofia;sin_doi;1991;Filosofía de la lógica. https://es.wikipedia.org/wiki/Filosof%C3%ADa_de_la_l%C3%B3gica.
1. Génesis y condiciones de posibilidad del conocimiento;1.11. Intrusismo profesional;Mostrar enlaces y referencias;5;gerring2012social;sin_doi;1992;Gerring, J. (2012). Social science methodology: A unified framework (2nd ed.). Cambridge University Press. Útil en relación con los criterios de calidad metodológica aplicables en 
1. Génesis y condiciones de posibilidad del conocimiento;1.11. Intrusismo profesional;Mostrar enlaces y referencias;6;creswell2018research;sin_doi;1993;Creswell, J. W., & Creswell, J. D. (2018). Research design: Qualitative, quantitative, and mixed methods approaches (5th ed.). SAGE Publications. Sistematiza los fundamentos metodo
1. Génesis y condiciones de posibilidad del conocimiento;1.11. Intrusismo profesional;Mostrar enlaces y referencias;7;firestein2016failure;sin_doi;1994;Firestein, S. (2016). Failure: Why science is so successful. Oxford University Press.  El autor sostiene que el error y la revisión crítica son componentes esenciales de la calidad
1. Génesis y condiciones de posibilidad del conocimiento;1.11. Intrusismo profesional;Mostrar referencias;1;klein2015reprint;sin_doi;2019;Klein, J. T. (2015). Reprint of “Discourses of transdisciplinarity: Looking back to the future”. Futures, 65, 10-16.
1. Génesis y condiciones de posibilidad del conocimiento;1.11. Intrusismo profesional;Mostrar referencias;2;strasser2012data;sin_doi;2020;Strasser, B. J. (2012). Data-driven sciences: From wonder cabinets to electronic databases. Studies in History and Philosophy of Science Part C: Studies in History and Philosophy o
1. Génesis y condiciones de posibilidad del conocimiento;1.11. Intrusismo profesional;Mostrar referencias;3;### SIN_CLAVE ###;;2021;Choi, B. C., & Pak, A. W. (2006). Multidisciplinarity, interdisciplinarity and transdisciplinarity in health research, services, education and policy: 1. Definitions, objectives, a
1. Génesis y condiciones de posibilidad del conocimiento;1.11. Intrusismo profesional;Mostrar referencias;4;hernandez2010bibliologia;sin_doi;2022;Gómez Hernández, J. A., & Pasadas Ureña, C. (2010). Bibliología e información: fundamentos teóricos para su estudio como ciencia interdisciplinaria. Revista Interamericana de Bibli
2. El conocimiento científico y su instrumentalización en el debate social;2.1. Asimetría en la evolución del consenso científico y el debate social;Referencias y notas del aptdo.;1;oreskes2004beyond;VERIFICADO;2130;Oreskes, N. (2004). Beyond the ivory tower. The scientific consensus on climate change. Science, 306(5702), 1686. https://www.science.org/doi/10.1126/science.1103618.
2. El conocimiento científico y su instrumentalización en el debate social;2.1. Asimetría en la evolución del consenso científico y el debate social;Referencias y notas del aptdo.;2;oreskes2004consensus;sin_doi;2131;Oreskes, N. (2004). “Consensus in science: How do we know we're not wrong,” presented at the AAAS meeting on 13 February 2004. https://www.lpl.arizona.edu/sites/default/files/resou
2. El conocimiento científico y su instrumentalización en el debate social;2.1. Asimetría en la evolución del consenso científico y el debate social;Referencias y notas del aptdo.;3;moreno2021negacionismo;sin_doi;2132;Moreno, M. (2021). Negacionismo y conflicto social. Gazeta de antropología, 37(3)-09. http://www.gazeta-antropologia.es/?p=5537.
2. El conocimiento científico y su instrumentalización en el debate social;2.1. Asimetría en la evolución del consenso científico y el debate social;Referencias y notas del aptdo.;4;publicidad1994historia;sin_doi;2133;Sobre el proceso de transformación política de la función de la publicidad y la distorsión de la opinión pública en las sociedades liberales, véase J. Habermas (1994). Historia y c
2. El conocimiento científico y su instrumentalización en el debate social;2.1. Asimetría en la evolución del consenso científico y el debate social;Referencias y notas del aptdo.;5;al2021echo;DISCREPANCIA;2134;Véase M. Cinelli et al. (2021). “The echo chamber effect on social media”, Proceedings of the National Academy of Sciences, nº 118 (9): e2023301118. https://doi.org/10.1073/pnas.20
2. El conocimiento científico y su instrumentalización en el debate social;2.1. Asimetría en la evolución del consenso científico y el debate social;Análisis de casos;1;gell2023armas;sin_doi;2174;Güell, O. (2023, 3 abril). Armas, tecnología punta y medicamentos innovadores: las compras ‘secretas’ del Gobierno. El País.
2. El conocimiento científico y su instrumentalización en el debate social;2.1. Asimetría en la evolución del consenso científico y el debate social;Análisis de casos;2;### SIN_CLAVE ###;;2175;"Comisión Europea (Feb. 2018). ""Nuevas tecnologías para combatir la delincuencia - CORDIS""."
2. El conocimiento científico y su instrumentalización en el debate social;2.1. Asimetría en la evolución del consenso científico y el debate social;Análisis de casos;3;### SIN_CLAVE ###;;2176;"Comisión Europea (Jan. 2020). “Scams and fraud experienced by consumers - FACTSHEET""."
2. El conocimiento científico y su instrumentalización en el debate social;2.1. Asimetría en la evolución del consenso científico y el debate social;Análisis de casos;4;### SIN_CLAVE ###;;2177;Terreros, D. (20/01/2023). “Innovación Disruptiva: Qué Es Y 10 Ejemplos Geniales.” Blog.hubspot.es.
2. El conocimiento científico y su instrumentalización en el debate social;2.1. Asimetría en la evolución del consenso científico y el debate social;Análisis de casos;5;### SIN_CLAVE ###;;2178;"Comisión Europea (29/01/2020). ""Trampas y estafas frecuentes a los consumidores""."
2. El conocimiento científico y su instrumentalización en el debate social;2.1. Asimetría en la evolución del consenso científico y el debate social;Análisis de casos;6;ministerio2021ministerio;sin_doi;2179;Ministerio de Consumo (Nov. 2021). [Fraudes y estafas comerciales](https://cec.consumo.gob.es/CEC/comunicacion/publicaciones/docs/Folleto_Fraudes_Estafas.pdf).
2. El conocimiento científico y su instrumentalización en el debate social;2.1. Asimetría en la evolución del consenso científico y el debate social;Análisis de casos;7;alimentario2024comunidad;sin_doi;2180;Fraude alimentario. (2024, 1 agosto). Comunidad de Madrid.
2. El conocimiento científico y su instrumentalización en el debate social;2.1. Asimetría en la evolución del consenso científico y el debate social;Análisis de casos;8;### SIN_CLAVE ###;;2181;INCIBE (Nipo: 094-20-028-1). Tiendas online fraudulentas.
2. El conocimiento científico y su instrumentalización en el debate social;2.2. Gestión política de resultados controvertidos de la investigación científica;Referencias y notas;1;groupthink2015respecting;sin_doi;2259;Sobre las distorsiones que puede generar la mentalidad de grupo (groupthink), véase Lee C. McIntyre (2015). Respecting truth: Willful Ignorance in the Internet Age. New York: Routl
2. El conocimiento científico y su instrumentalización en el debate social;2.2. Gestión política de resultados controvertidos de la investigación científica;Referencias y notas;2;ceballos2021pensamiento;sin_doi;2260;Ceballos, N. (2021). El pensamiento conspiranoico. Barcelona, Arpa.
2. El conocimiento científico y su instrumentalización en el debate social;2.2. Gestión política de resultados controvertidos de la investigación científica;Referencias y notas;3;warner2011fact;sin_doi;2261;"Warner, J. (2011). ""Fact-Free Science"". The New York Times. https://www.nytimes.com/2011/02/27/magazine/27FOB-WWLN-t.html."
2. El conocimiento científico y su instrumentalización en el debate social;2.2. Gestión política de resultados controvertidos de la investigación científica;Referencias y notas;4;dunlap2016political;VERIFICADO;2262;"Dunlap, R.E. et al. (2016). ""The political divide on climate change: Partisan polarization widens in the U.S."" Environment: Science and Policy for Sustainable Development, 58(5), p"
2. El conocimiento científico y su instrumentalización en el debate social;2.3. El uso tóxico de la epistemología: dinámicas de poder y concepción mercantil del conocimiento;Mostrar referencias;1;s2021crisis;sin_doi;2311;"Jasanoff. S. (2021). ""The crisis of science advising"". Bulletin of the Atomic Scientists, 77(2), 67-76."
2. El conocimiento científico y su instrumentalización en el debate social;2.3. El uso tóxico de la epistemología: dinámicas de poder y concepción mercantil del conocimiento;Mostrar referencias;2;lewandowsky2020conspiracy;sin_doi;2312;Lewandowsky, S. y J. Cook (2020). The Conspiracy Theory Handbook. Center for Climate Change Communication. https://www.climatechangecommunication.org/wp-content/uploads/2020/03/Con
2. El conocimiento científico y su instrumentalización en el debate social;2.3. El uso tóxico de la epistemología: dinámicas de poder y concepción mercantil del conocimiento;Mostrar referencias;3;lewandowsky2017beyond;VERIFICADO;2313;Lewandowsky, S., Ecker, U. K. H., & Cook, J. (2017). Beyond misinformation: Understanding and coping with the “post-truth” era. Journal of Applied Research in Memory and Cognition,
2. El conocimiento científico y su instrumentalización en el debate social;2.3. El uso tóxico de la epistemología: dinámicas de poder y concepción mercantil del conocimiento;Mostrar referencias;4;fricker2009epistemic;sin_doi;2314;Fricker, M. (2009). Epistemic Injustice: Power and the Ethics of Knowing. Oxford: Oxford University Press.
2. El conocimiento científico y su instrumentalización en el debate social;2.3. El uso tóxico de la epistemología: dinámicas de poder y concepción mercantil del conocimiento;Mostrar referencias;5;stiglitz2006making;sin_doi;2315;Stiglitz, J. E. (2006). Making Globalization Work. New York: W. W. Norton & Company.
2. El conocimiento científico y su instrumentalización en el debate social;2.3. El uso tóxico de la epistemología: dinámicas de poder y concepción mercantil del conocimiento;Mostrar referencias;6;morin2001siete;sin_doi;2316;Morin, E. (2001). Los siete saberes necesarios para la educación del futuro.París: UNESCO. https://unesdoc.unesco.org/ark:/48223/pf0000117740_spa.
2. El conocimiento científico y su instrumentalización en el debate social;2.3. El uso tóxico de la epistemología: dinámicas de poder y concepción mercantil del conocimiento;Mostrar referencias;7;chomsky2005guardianes;sin_doi;2317;Chomsky, N. (2005). Los guardianes de la libertad. Propaganda, desinformación y consenso en los medios de comunicación de masas. Barcelona, Crítica.
2. El conocimiento científico y su instrumentalización en el debate social;2.3. El uso tóxico de la epistemología: dinámicas de poder y concepción mercantil del conocimiento;Mostrar referencias;8;chomsky2002control;sin_doi;2318;"Chomsky, N. (2002). ""El control de los medios de comunicación"", en Noam Chomsky e Ignacio Ramonet, Cómo nos venden la moto. Barcelona, Icaria."
2. El conocimiento científico y su instrumentalización en el debate social;2.4. La ciencia como actividad institucionalizada orientada al consenso de los expertos;Mostrar referencias;1;gibbon2020routledge;sin_doi;2347;Gibbon, S., Prainsack, B., & Hilgartner, S. (2020). Routledge Handbook of Genomics, Health and Society. Routledge. Ch. 14.
2. El conocimiento científico y su instrumentalización en el debate social;2.4. La ciencia como actividad institucionalizada orientada al consenso de los expertos;Mostrar referencias;2;hackett2007handbook;sin_doi;2348;Hackett, E. J., Amsterdamska, O., Lynch, M. E., & Wajcman, J. (2007). The Handbook of Science and Technology Studies, third edition. National Geographic Books. Ch. 31, pp. 787-812.
2. El conocimiento científico y su instrumentalización en el debate social;2.4. La ciencia como actividad institucionalizada orientada al consenso de los expertos;Mostrar referencias;3;ziman2000real;sin_doi;2349;Ziman, J. (2000). Real Science: What it is, and what it means. Cambridge: Cambridge University Press.
2. El conocimiento científico y su instrumentalización en el debate social;2.4. La ciencia como actividad institucionalizada orientada al consenso de los expertos;Mostrar referencias;4;### SIN_CLAVE ###;;2350;Lom, P. (2001). The limits of doubt: The moral and political implications of skepticism. Albany, NY. State University of New York Press.
2. El conocimiento científico y su instrumentalización en el debate social;2.4. La ciencia como actividad institucionalizada orientada al consenso de los expertos;Estudio de caso: Tasas de retractación por países;1;lievore2021lievore;VERIFICADO;2433;Lievore, C., Rubbo, P., dos Santos, C.B. et al. Research ethics: a profile of retractions from world class universities. Scientometrics 126, 6871–6889 (2021). https://doi.org/10.10
2. El conocimiento científico y su instrumentalización en el debate social;2.4. La ciencia como actividad institucionalizada orientada al consenso de los expertos;Estudio de caso: Tasas de retractación por países;2;grieneisen2012comprehensive;VERIFICADO;2434;Grieneisen, M. L., & Zhang, M. (2012). A Comprehensive Survey of Retracted Articles from the Scholarly Literature. PLoS ONE, 7(10), e44118. https://doi.org/10.1371/journal.pone.004
2. El conocimiento científico y su instrumentalización en el debate social;2.4. La ciencia como actividad institucionalizada orientada al consenso de los expertos;Estudio de caso: Tasas de retractación por países;3;toma2021exploratory;VERIFICADO;2435;Toma, C., & Padureanu, L. (2021). An exploratory analysis of 4844 withdrawn articles and their retraction notes. bioRxiv (Cold Spring Harbor Laboratory). https://doi.org/10.1101/20
2. El conocimiento científico y su instrumentalización en el debate social;2.4. La ciencia como actividad institucionalizada orientada al consenso de los expertos;Estudio de caso: Tasas de retractación por países;4;he2013retraction;DISCREPANCIA;2436;He, T. Retraction of global scientific publications from 2001 to 2010. Scientometrics 96, 555–561 (2013). https://doi.org/10.1007/s11192-012-0906-3.
2. El conocimiento científico y su instrumentalización en el debate social;2.4. La ciencia como actividad institucionalizada orientada al consenso de los expertos;Estudio de caso: Tasas de retractación por países;5;estadisticas2021estadisticas;sin_doi;2437;Estadísticas y recursos | 2021 Science Report - UNESCO. https://www.unesco.org/reports/science/2021/es/statistics.
2. El conocimiento científico y su instrumentalización en el debate social;2.4. La ciencia como actividad institucionalizada orientada al consenso de los expertos;Estudio de caso: Tasas de retractación por países;6;gs2021retractacion;sin_doi;2438;GS (2021). La retractación de publicaciones por mala conducta científica. ¿Un problema creciente? https://www.campusgacetaeasp.es/bloginvitado/2021/02/27/la-retractacion-de-publica
2. El conocimiento científico y su instrumentalización en el debate social;2.4. La ciencia como actividad institucionalizada orientada al consenso de los expertos;Estudio de caso: Tasas de retractación por países;7;romero-vecchione2017integridad;sin_doi;2439;Romero-Vecchione, E. (2017): La integridad del investigador: retractación de publicaciones científicas, motivos, consecuencias y etapas de prevención. Vitae: Academia Biomédica Dig
2. El conocimiento científico y su instrumentalización en el debate social;2.4. La ciencia como actividad institucionalizada orientada al consenso de los expertos;Estudio de caso: Retractaciones entre 2020-2022;1;redaccion2020redaccion;sin_doi;2474;Redacción (feb. 2020). Publicaciones científicas por países: recuento por autoría y por artículo. https://revistapesquisa.fapesp.br/es/publicaciones-cientificas-por-paises-recuento
2. El conocimiento científico y su instrumentalización en el debate social;2.4. La ciencia como actividad institucionalizada orientada al consenso de los expertos;Estudio de caso: Retractaciones entre 2020-2022;2;articulossfarticulos;sin_doi;2475;Artículos en publicaciones científicas y técnicas | Data. https://datos.bancomundial.org/indicator/IP.JRN.ARTC.SC.
2. El conocimiento científico y su instrumentalización en el debate social;2.4. La ciencia como actividad institucionalizada orientada al consenso de los expertos;Estudio de caso: Retractaciones entre 2020-2022;3;uessfpublica;sin_doi;2476;UES publica más de 160 artículos científicos en los últimos dos años. https://www.ues.edu.sv/blog/post/ues-publica-mas-de-160-articulos-cientificos-en-los-ultimos-dos-anos.
2. El conocimiento científico y su instrumentalización en el debate social;2.4. La ciencia como actividad institucionalizada orientada al consenso de los expertos;Estudio de caso: Retractaciones entre 2020-2022;4;estadisticas2021estadisticas;sin_doi;2477;Estadísticas y recursos | 2021 Science Report - UNESCO. https://www.unesco.org/reports/science/2021/es/statistics.
2. El conocimiento científico y su instrumentalización en el debate social;2.4. La ciencia como actividad institucionalizada orientada al consenso de los expertos;Estudio de caso: Retractaciones entre 2020-2022;5;whitesfwhite;sin_doi;2478;White, K. (s. f.). Publications Output: U.S. Trends and International Comparisons | NSF - National Science Foundation. https://ncses.nsf.gov/pubs/nsb20206/technical-appendix.
2. El conocimiento científico y su instrumentalización en el debate social;2.4. La ciencia como actividad institucionalizada orientada al consenso de los expertos;Estudio de caso: Retractaciones entre 2020-2022;6;whitesfwhiteb;sin_doi;2479;White, K. (s. f.-b). Publications Output: U.S. Trends and International Comparisons | NSF - National Science Foundation. https://ncses.nsf.gov/pubs/nsb20206/publication-output-by-r
3. Consenso científico, escepticismo y negacionismo del cambio climático;3.1. Escepticismo: posición filosófica *vs* duda acerca del consenso sobre el cambio climático;Mostrar referencias;1;coady2013climateb;sin_doi;2600;Coady, D., & Corry, R. (2013). The climate change debate: An epistemic and ethical enquiry. Basingstoke: Palgrave Macmillan. Cap. 2.
3. Consenso científico, escepticismo y negacionismo del cambio climático;3.1. Escepticismo: posición filosófica *vs* duda acerca del consenso sobre el cambio climático;Mostrar referencias;2;popkin1979historia;sin_doi;2601;Popkin, R. H. (1979, trad. 1983). Historia del escepticismo. De Erasmo a Spinoza. Fondo de Cultura Económica. Trad. de J. J. Utrilla.
3. Consenso científico, escepticismo y negacionismo del cambio climático;3.1. Escepticismo: posición filosófica *vs* duda acerca del consenso sobre el cambio climático;Mostrar referencias;3;longino2018fate;PENDIENTE;2602;Longino, Helen E. (2018). The fate of knowledge. Princeton, NJ, Estados Unidos de América: Princeton University Press. https://doi.org/10.2307/j.ctv2tvzv0.
3. Consenso científico, escepticismo y negacionismo del cambio climático;3.1. Escepticismo: posición filosófica *vs* duda acerca del consenso sobre el cambio climático;Acerca del conflicto entre sociología y filosofía de la cien;1;### SIN_CLAVE ###;;2614;*Philip Kitcher, en *The Journal of Philosophy**, elogia el libro por su claridad, rigor y originalidad, y por ofrecer una visión más matizada y realista de la ciencia que la que s
3. Consenso científico, escepticismo y negacionismo del cambio climático;3.1. Escepticismo: posición filosófica *vs* duda acerca del consenso sobre el cambio climático;Acerca del conflicto entre sociología y filosofía de la cien;2;### SIN_CLAVE ###;;2616;*Miriam Solomon, en *Philosophy of Science**, destaca el valor del libro por su contribución al debate sobre el estatus epistémico de la sociología de la ciencia, su defensa del pl
3. Consenso científico, escepticismo y negacionismo del cambio climático;3.1. Escepticismo: posición filosófica *vs* duda acerca del consenso sobre el cambio climático;Acerca del conflicto entre sociología y filosofía de la cien;3;### SIN_CLAVE ###;;2618;*James R. Brown, en *The British Journal for the Philosophy of Science**, reconoce el mérito del libro por su análisis detallado y perspicaz de las diversas corrientes filosóficas 
3. Consenso científico, escepticismo y negacionismo del cambio climático;3.1. Escepticismo: posición filosófica *vs* duda acerca del consenso sobre el cambio climático;Notas y referencias;1;oreskes2010merchants;sin_doi;2656;Oreskes, N., & Conway, E. M. (2010). Merchants of Doubt: How a Handful of Scientists Obscured the Truth on Issues from Tobacco Smoke to Global Warming. Bloomsbury Publishing.
3. Consenso científico, escepticismo y negacionismo del cambio climático;3.1. Escepticismo: posición filosófica *vs* duda acerca del consenso sobre el cambio climático;Notas y referencias;2;hoggan2009climate;sin_doi;2657;Hoggan, J. y R. Littlemore, R. (2009). Climate cover-up: The crusade to deny global warming. Greystone Books.
3. Consenso científico, escepticismo y negacionismo del cambio climático;3.1. Escepticismo: posición filosófica *vs* duda acerca del consenso sobre el cambio climático;Notas y referencias;3;veasesfvease;sin_doi;2658;"Véase, al respecto, el concepto ""antipositivismo"" (negativismo, sociología interpretativa, interpretativismo), según el cual quienes investigan deben necesariamente rechazar el emp"
3. Consenso científico, escepticismo y negacionismo del cambio climático;3.2. La credibilidad de los expertos en el debate sobre el cambio climático;Mostrar referencias;1;oppenheimer2019discerning;sin_doi;2707;Oppenheimer, M., Oreskes, N., Jamieson, D., Brysse, K., O’Reilly, J., Shindell, M., & Wazeck, M. (2019). Discerning experts: The Practices of Scientific Assessment for Environmenta
3. Consenso científico, escepticismo y negacionismo del cambio climático;3.2. La credibilidad de los expertos en el debate sobre el cambio climático;Mostrar referencias;2;### SIN_CLAVE ###;;2708;Parra, S. (2022). El 99,9 % de los estudios científicos lo confirma: el cambio climático está causado por el ser humano. National geographic, 2/11/2022. https://www.nationalgeograp
3. Consenso científico, escepticismo y negacionismo del cambio climático;3.2. La credibilidad de los expertos en el debate sobre el cambio climático;Mostrar referencias;3;hmielowski2014attack;DISCREPANCIA;2709;Hmielowski, J. D. et al. (2014). An attack on science? Media use, trust in scientists, and perceptions of global warming. Public Understanding of Science, 23(7), 866-883. https://j
3. Consenso científico, escepticismo y negacionismo del cambio climático;3.2. La credibilidad de los expertos en el debate sobre el cambio climático;Mostrar referencias;4;lopez2021cambio;PENDIENTE;2710;Abellán López, M. Á. (2021). El cambio climático: Negacionismo, escepticismo y desinformación. Tabula Rasa. https://doi.org/10.25058/20112742.n37.13
3. Consenso científico, escepticismo y negacionismo del cambio climático;3.2. La credibilidad de los expertos en el debate sobre el cambio climático;Mostrar referencias;5;ecologica2025prevencion;sin_doi;2711;Ministerio para la Transición Ecológica y el Reto Demográfico. (2025). Prevención de la desinformación climática. Documentos de trabajo del Plan Nacional de Adaptación al Cambio Cl
3. Consenso científico, escepticismo y negacionismo del cambio climático;3.2. La credibilidad de los expertos en el debate sobre el cambio climático;Mostrar referencias;6;farrell2019evidence;VERIFICADO;2712;Farrell, J., McConnell, K., & Brulle, R. (2019). Evidence-based strategies to combat scientific misinformation. Nature Climate Change, 9(3), 191-195. https://doi.org/10.1038/s41558
3. Consenso científico, escepticismo y negacionismo del cambio climático;3.3. La coordinación entre las ciencias e instituciones que estudian el clima;Mostrar referencias;1;adger2013cultural;sin_doi;2768;Adger, W. N., et al. (2013). Cultural dimensions of climate change impacts and adaptation. Nature Climate Change, 3(2), 112-117.
3. Consenso científico, escepticismo y negacionismo del cambio climático;3.3. La coordinación entre las ciencias e instituciones que estudian el clima;Mostrar referencias;2;dessler2019science;sin_doi;2769;Dessler, A. E., & Parson, E. A. (2019). The science and politics of global climate change: A guide to the debate. Cambridge University Press.
3. Consenso científico, escepticismo y negacionismo del cambio climático;3.3. La coordinación entre las ciencias e instituciones que estudian el clima;Mostrar referencias;3;eakin2006assessing;sin_doi;2770;Eakin, H., & Luers, A. L. (2006). Assessing the vulnerability of social-environmental systems. Annual Review of Environment and Resources, 31.
3. Consenso científico, escepticismo y negacionismo del cambio climático;3.3. La coordinación entre las ciencias e instituciones que estudian el clima;Mostrar referencias;4;edwards2010vast;sin_doi;2771;Edwards, P. N. (2010). A vast machine: Computer models, climate data, and the politics of global warming. Cambridge: MIT Press.
3. Consenso científico, escepticismo y negacionismo del cambio climático;3.3. La coordinación entre las ciencias e instituciones que estudian el clima;Mostrar referencias;5;mateo2019ciencia;sin_doi;2772;Granados Mateo, J. L. (2019). Ciencia posnormal, o cómo se estudia el clima en tiempos de incertidumbre. The Conversation España. Recuperado de https://theconversation.com/ciencia-
3. Consenso científico, escepticismo y negacionismo del cambio climático;3.3. La coordinación entre las ciencias e instituciones que estudian el clima;Mostrar referencias;6;hulme2009disagree;sin_doi;2773;Hulme, M. (2009). Why we disagree about climate change: Understanding controversy, inaction and opportunity. Cambridge: Cambridge University Press.
3. Consenso científico, escepticismo y negacionismo del cambio climático;3.3. La coordinación entre las ciencias e instituciones que estudian el clima;Mostrar referencias;7;hulme2011meet;sin_doi;2774;Hulme, M. (2011). Meet the humanities. Nature Climate Change, 1(4), 177-179.
3. Consenso científico, escepticismo y negacionismo del cambio climático;3.3. La coordinación entre las ciencias e instituciones que estudian el clima;Mostrar referencias;8;jasanoff2010climate;sin_doi;2775;Jasanoff, S. (2010). A new climate for society. Theory, Culture & Society, 27(2-3), 233-253.
3. Consenso científico, escepticismo y negacionismo del cambio climático;3.4. El problema de la falsación en dominios interdisciplinares complejos;Mostrar referencias;1;popper2002logica;sin_doi;2807;Popper, Karl (2002). La lógica de la investigación científica. Madrid: Tecnos. Cap. 1., aptdo. 1., págs. 32-33.
3. Consenso científico, escepticismo y negacionismo del cambio climático;3.4. El problema de la falsación en dominios interdisciplinares complejos;Mostrar referencias;2;sfetcu2019karl;PENDIENTE;2808;"Sfetcu, Nicolae (2019). ""Karl Popper’s demarcation problem"", SetThings (Jan. 24), MultiMedia Publishing (ed.), DOI: 10.13140/RG.2.2.11481.36967."
3. Consenso científico, escepticismo y negacionismo del cambio climático;3.4. El problema de la falsación en dominios interdisciplinares complejos;Mostrar referencias;3;boland1996scientific;DISCREPANCIA;2809;"Boland, Lawrence A. (1996). ""Scientific thinking without scientific method: two views of Popper"". Critical economic methodology: A personal odyssey. Routledge. https://doi.org/10.4"
3. Consenso científico, escepticismo y negacionismo del cambio climático;3.4. El problema de la falsación en dominios interdisciplinares complejos;Evidencia y datos de impacto del cambio climático vs escepti;1;### SIN_CLAVE ###;;2823;**Heatwaves and Wildfires:**
3. Consenso científico, escepticismo y negacionismo del cambio climático;3.4. El problema de la falsación en dominios interdisciplinares complejos;Evidencia y datos de impacto del cambio climático vs escepti;2;### SIN_CLAVE ###;;2831;**Flooding Events:**
3. Consenso científico, escepticismo y negacionismo del cambio climático;3.4. El problema de la falsación en dominios interdisciplinares complejos;Evidencia y datos de impacto del cambio climático vs escepti;3;### SIN_CLAVE ###;;2839;**Tropical Cyclones:**
3. Consenso científico, escepticismo y negacionismo del cambio climático;3.4. El problema de la falsación en dominios interdisciplinares complejos;Evidencia y datos de impacto del cambio climático vs escepti;4;### SIN_CLAVE ###;;2851;**Droughts:**
3. Consenso científico, escepticismo y negacionismo del cambio climático;3.4. El problema de la falsación en dominios interdisciplinares complejos;Evidencia y datos de impacto del cambio climático vs escepti;5;### SIN_CLAVE ###;;2859;**Arctic sea ice loss:**
3. Consenso científico, escepticismo y negacionismo del cambio climático;3.4. El problema de la falsación en dominios interdisciplinares complejos;Evidencia y datos de impacto del cambio climático vs escepti;6;### SIN_CLAVE ###;;2866;**Sea Level Rise:**
3. Consenso científico, escepticismo y negacionismo del cambio climático;3.5. Dificultades para acotar los dominios disciplinares concernidos en los intentos de falsación de la ciencia climática;Mostrar referencias;1;cartwright2012nomological;sin_doi;2949;Cartwright, Nancy (2012). “Nomological machines and the laws they produce”. The Dappled World. A Study of the Boundaries of Science, 49–74. Cambridge University Press.
3. Consenso científico, escepticismo y negacionismo del cambio climático;3.5. Dificultades para acotar los dominios disciplinares concernidos en los intentos de falsación de la ciencia climática;Mostrar referencias;2;lloyd2018climate;sin_doi;2950;Lloyd, Elisabeth A., y Eric Winsberg (eds., 2018). Climate Modelling: Philosophical and Conceptual Issues. 1a ed. Cham, Suiza: Springer International Publishing.
3. Consenso científico, escepticismo y negacionismo del cambio climático;3.5. Dificultades para acotar los dominios disciplinares concernidos en los intentos de falsación de la ciencia climática;Mostrar referencias;3;oreskes1994verification;VERIFICADO;2951;Oreskes, N., Shrader-Frechette, K., & Belitz, K. (1994). Verification, validation, and confirmation of numerical models in the earth sciences. Science, 263(5147), 641-646. https://
3. Consenso científico, escepticismo y negacionismo del cambio climático;3.5. Dificultades para acotar los dominios disciplinares concernidos en los intentos de falsación de la ciencia climática;Mostrar referencias;4;### SIN_CLAVE ###;;2952;Mitchell, Sandra (2009). Unsimple Truths: Science, Complexity, and Policy. Chicago, IL: University of Chicago Press. Chap. 1, 6.
3. Consenso científico, escepticismo y negacionismo del cambio climático;3.5. Dificultades para acotar los dominios disciplinares concernidos en los intentos de falsación de la ciencia climática;Mostrar referencias;5;longino2006theoretical;sin_doi;2953;"Longino, Helen (2006). ""Theoretical pluralism and the scientific study of behavior."" In S. Kellert, H. Longino, & C. Waters (Eds.), Scientific Pluralism (pp. 102-131). University o"
3. Consenso científico, escepticismo y negacionismo del cambio climático;3.5. Dificultades para acotar los dominios disciplinares concernidos en los intentos de falsación de la ciencia climática;Estudio de caso: Confirmación de la teoría neuronal de Ramón;1;castro2019cajal;VERIFICADO;3034;De Castro, F. (2019). Cajal and the Spanish Neurological School: Neuroscience Would Have Been a Different Story Without Them. Frontiers In Cellular Neuroscience, 13. https://doi.or
3. Consenso científico, escepticismo y negacionismo del cambio climático;3.5. Dificultades para acotar los dominios disciplinares concernidos en los intentos de falsación de la ciencia climática;Estudio de caso: Confirmación de la teoría neuronal de Ramón;2;defelipe2006brain;VERIFICADO;3035;DeFelipe, J. (2006). Brain plasticity and mental processes: Cajal again. Nature Reviews. Neuroscience, 7(10), 811-817. https://doi.org/10.1038/nrn2005.
3. Consenso científico, escepticismo y negacionismo del cambio climático;3.5. Dificultades para acotar los dominios disciplinares concernidos en los intentos de falsación de la ciencia climática;Estudio de caso: Confirmación de la teoría neuronal de Ramón;3;glickstein2011golgi;VERIFICADO;3036;Glickstein, M. (2011). Golgi: a life in science. Brain, 135(1), 301-303. https://doi.org/10.1093/brain/awr207.
3. Consenso científico, escepticismo y negacionismo del cambio climático;3.5. Dificultades para acotar los dominios disciplinares concernidos en los intentos de falsación de la ciencia climática;Estudio de caso: Confirmación de la teoría neuronal de Ramón;4;glickstein2006golgi;VERIFICADO;3037;Glickstein, M. (2006). “Golgi and Cajal: The Neuron Doctrine and the 100th Anniversary of the 1906 Nobel Prize”. Current Biology: CB 16 (5): R147–51. https://doi.org/10.1016/j.cub.
3. Consenso científico, escepticismo y negacionismo del cambio climático;3.5. Dificultades para acotar los dominios disciplinares concernidos en los intentos de falsación de la ciencia climática;Estudio de caso: Confirmación de la teoría neuronal de Ramón;5;hortsch2009short;VERIFICADO;3038;Hortsch, M. (2009). A Short History of the Synapse – Golgi Versus Ramón y Cajal. En Springer eBooks (pp. 1-9). https://doi.org/10.1007/978-0-387-92708-4_1.
3. Consenso científico, escepticismo y negacionismo del cambio climático;3.5. Dificultades para acotar los dominios disciplinares concernidos en los intentos de falsación de la ciencia climática;Estudio de caso: Confirmación de la teoría neuronal de Ramón;6;rozo2024cajal;VERIFICADO;3039;Rozo, J. A., Martínez-Gallego, I., & Rodríguez-Moreno, A. (2024). Cajal, the neuronal theory and the idea of brain plasticity. Frontiers In Neuroanatomy, 18. https://doi.org/10.338
3. Consenso científico, escepticismo y negacionismo del cambio climático;3.5. Dificultades para acotar los dominios disciplinares concernidos en los intentos de falsación de la ciencia climática;Estudio de caso: Confirmación de la teoría neuronal de Ramón;7;the1906nobel;sin_doi;3040;The Nobel Prize in Physiology or Medicine 1906. NobelPrize.org. https://www.nobelprize.org/prizes/medicine/1906/cajal/biographical/.
3. Consenso científico, escepticismo y negacionismo del cambio climático;3.5. Dificultades para acotar los dominios disciplinares concernidos en los intentos de falsación de la ciencia climática;Estudio de caso: Confirmación de la teoría neuronal de Ramón;8;anonsfnobel;sin_doi;3041;[Nobel Controversies: Golgi vs Ramon y Cajal](https://www.youtube.com/embed/yw3FDJHHD1I)
3. Consenso científico, escepticismo y negacionismo del cambio climático;3.6. Implicaciones sociales del consenso científico acerca del cambio climático;Mostrar referencias;1;page2006climate;sin_doi;3076;Page, E. (2006). Climate Change, Justice and Future Generations. Edward Elgar Publishing. https://www.e-elgar.com/shop/gbp/climate-change-justice-and-future-generations-97818437618
3. Consenso científico, escepticismo y negacionismo del cambio climático;3.6. Implicaciones sociales del consenso científico acerca del cambio climático;Mostrar referencias;2;coady2013climate;VERIFICADO;3077;Coady, D., & Corry, R. (2013). The climate change debate. In Palgrave Macmillan UK eBooks. Págs. 72-81. https://doi.org/10.1057/9781137326287
3. Consenso científico, escepticismo y negacionismo del cambio climático;3.6. Implicaciones sociales del consenso científico acerca del cambio climático;Mostrar referencias;3;victor2011global;sin_doi;3078;Victor, D. G. (2011). Global Warming Gridlock: Creating More Effective Strategies for Protecting the Planet. Cambridge University Press. https://www.cambridge.org/core/books/global
3. Consenso científico, escepticismo y negacionismo del cambio climático;3.6. Implicaciones sociales del consenso científico acerca del cambio climático;Mostrar referencias;4;kahan2011cultural;VERIFICADO;3079;Kahan, D. M., Jenkins‐Smith, H., & Braman, D. (2011). Cultural cognition of scientific consensus. Journal of Risk Research, 14(2), 147-174. https://www.tandfonline.com/doi/abs/10.1
4. Comunicación y difusión del conocimiento;4.1. Cauces formales: revistas científicas, bases de datos, congresos;Mostrar referencias;1;lopez-cozar2019comunicacion;sin_doi;3163;"Delgado López-Cózar, E., & Martín-Martín, A. (2019). ""La comunicación académica en la era digital: nuevos formatos documentales para nuevos escenarios"". Revista Española de Documen"
4. Comunicación y difusión del conocimiento;4.1. Cauces formales: revistas científicas, bases de datos, congresos;Mostrar referencias;2;menendez2018comunicacion;sin_doi;3164;"Fernández Menéndez, J., & García López-Romero, F. J. (2018). ""La comunicación del conocimiento científico: análisis comparativo entre las revistas académicas y las redes sociales""."
4. Comunicación y difusión del conocimiento;4.1. Cauces formales: revistas científicas, bases de datos, congresos;Mostrar referencias;3;alcaide2012fuentes;sin_doi;3165;González Alcaide, G., & Aleixandre Benavent, R. (2012). Fuentes de información y documentación en ciencia y tecnología. Madrid: Síntesis.
4. Comunicación y difusión del conocimiento;4.1. Cauces formales: revistas científicas, bases de datos, congresos;Mostrar referencias;4;marquina2021marquina;sin_doi;3166;Marquina, J. (17/06/2021). Ranking de repositorios y portales de acceso abierto en España con mayor número de registros indexados en Google Scholar. https://www.julianmarquina.es/m
4. Comunicación y difusión del conocimiento;4.2. Cauces informales: blogs, webs especializadas, podcasts;Enlaces y referencias;1;sciencesfscience;sin_doi;3220;Science Direct (peer-reviewed journal articles and book chapters). https://www.sciencedirect.com/
4. Comunicación y difusión del conocimiento;4.2. Cauces informales: blogs, webs especializadas, podcasts;Enlaces y referencias;2;centersfcenter;sin_doi;3221;Center for Open Science, https://osf.io/
4. Comunicación y difusión del conocimiento;4.2. Cauces informales: blogs, webs especializadas, podcasts;Enlaces y referencias;3;allsfconference;sin_doi;3222;All Conference alert, https://www.allconferencealert.com/social-sciences-and-humanities.html
4. Comunicación y difusión del conocimiento;4.2. Cauces informales: blogs, webs especializadas, podcasts;Enlaces y referencias;4;bucchi2008deficits;sin_doi;3225;"Bucchi, M. (2008). ""Of deficits, deviations and dialogues"". Handbook of public communication of science and technology. Londres: Routledge."
4. Comunicación y difusión del conocimiento;4.2. Cauces informales: blogs, webs especializadas, podcasts;Enlaces y referencias;5;bonetta2007scientists;sin_doi;3226;"Bonetta, L. (2007). ""Scientists Enter the Blogosphere"". Cell, 129(3), 443-445."
4. Comunicación y difusión del conocimiento;4.2. Cauces informales: blogs, webs especializadas, podcasts;Enlaces y referencias;6;peters2013between;sin_doi;3227;"Peters, H.P. (2013). ""Gap between science and media revisited: Scientists as public communicators"". Proceedings of the National Academy of Sciences, 110(Supplement 3), 14102-14109."
4. Comunicación y difusión del conocimiento;4.2. Cauces informales: blogs, webs especializadas, podcasts;Enlaces y referencias;7;mas-bleda2014highly;sin_doi;3228;"Mas-Bleda, A., Thelwall, M., Kousha, K., & Aguillo, I. F. (2014). ""Do highly cited researchers successfully use the social web?"" Scientometrics, 101(1), 337-356."
4. Comunicación y difusión del conocimiento;4.3. Índices de impacto y evaluación de la calidad de las publicaciones científicas;Mostrar referencias;1;adler2020when;sin_doi;3263;Adler, N., Harzing, A.W. (2020). When Knowledge Wins: Transcending the Sense and Nonsense of Academic Rankings. Academy of Management Learning & Education, 19(1), 99-117.
4. Comunicación y difusión del conocimiento;4.3. Índices de impacto y evaluación de la calidad de las publicaciones científicas;Mostrar referencias;2;rijcke2021evaluation;sin_doi;3264;De Rijcke, S., Wouters, P.F., Rushforth, A.D., Franssen, T.P., Hammarfelt, B. (2021). Evaluation Practices and Effects of Indicator Use – a Literature Review. Research Evaluation, 
4. Comunicación y difusión del conocimiento;4.3. Índices de impacto y evaluación de la calidad de las publicaciones científicas;Mostrar referencias;3;lopez-cozar2019comunicacion;sin_doi;3265;Delgado López-Cózar, E., & Martín-Martín, A. (2019). La comunicación académica en la era digital: nuevos formatos documentales para nuevos escenarios. Revista Española de Documenta
4. Comunicación y difusión del conocimiento;4.3. Índices de impacto y evaluación de la calidad de las publicaciones científicas;Mostrar referencias;4;garfield2019history;sin_doi;3266;Garfield, E. (2019). The History and Meaning of the Journal Impact Factor. JAMA, 295(1), 90-93.
4. Comunicación y difusión del conocimiento;4.3. Índices de impacto y evaluación de la calidad de las publicaciones científicas;Mostrar referencias;5;alcaide2019evaluacion;sin_doi;3267;González Alcaide, G., & Aleixandre Benavent, R. (2019). Evaluación del rendimiento investigador: indicadores bibliométricos e índices sintéticos. Madrid: Síntesis.
4. Comunicación y difusión del conocimiento;4.3. Índices de impacto y evaluación de la calidad de las publicaciones científicas;Mostrar referencias;6;hirsch2020index;sin_doi;3268;Hirsch, J.E. (2020). An Index to Quantify an Individual's Scientific Research Output. Proceedings of the National Academy of Sciences, 102(46), 16569-16572.
4. Comunicación y difusión del conocimiento;4.3. Índices de impacto y evaluación de la calidad de las publicaciones científicas;Mostrar referencias;7;martin-martin2018google;sin_doi;3269;Martín-Martín, A., Orduna-Malea, E., Thelwall, M., & Delgado López-Cózar, E. (2018). Google Scholar, Web of Science and Scopus: A systematic comparison of citations in 252 subject 
4. Comunicación y difusión del conocimiento;4.3. Índices de impacto y evaluación de la calidad de las publicaciones científicas;Mostrar referencias;8;priem2019altmetrics;sin_doi;3270;Priem, J., Taraborelli, D., Groth, P., Neylon, C. (2019). Altmetrics: A Manifesto. altmetrics.org.
4. Comunicación y difusión del conocimiento;4.3. Índices de impacto y evaluación de la calidad de las publicaciones científicas;Mostrar referencias;9;vanclay2022impact;sin_doi;3271;Vanclay, J.K. (2022). Impact Factor: Outdated Artefact or Stepping-stone to Journal Certification? Scientometrics, 92(2), 211-238.
4. Comunicación y difusión del conocimiento;4.3. Índices de impacto y evaluación de la calidad de las publicaciones científicas;Caso 1: Cartel de citas;1;### SIN_CLAVE ###;;3295;¿Qué es un cártel de citas?
4. Comunicación y difusión del conocimiento;4.3. Índices de impacto y evaluación de la calidad de las publicaciones científicas;Caso 1: Cartel de citas;2;### SIN_CLAVE ###;;3296;¿Qué sistema de incentivos, herramientas y plataformas lo hacen posible?
4. Comunicación y difusión del conocimiento;4.3. Índices de impacto y evaluación de la calidad de las publicaciones científicas;Caso 1: Cartel de citas;3;### SIN_CLAVE ###;;3297;¿Qué estrategias lleva asociadas y por qué se consideran mala praxis científica?
4. Comunicación y difusión del conocimiento;4.3. Índices de impacto y evaluación de la calidad de las publicaciones científicas;Caso 1: Cartel de citas;4;### SIN_CLAVE ###;;3298;¿Cómo afecta la mala praxis a la promoción y reputación profesional?
4. Comunicación y difusión del conocimiento;4.3. Índices de impacto y evaluación de la calidad de las publicaciones científicas;Caso 1: Cartel de citas;1;### SIN_CLAVE ###;;3302;*Lobbies* editoriales e intermediarios con ánimo de lucro en la difusión científica.
4. Comunicación y difusión del conocimiento;4.3. Índices de impacto y evaluación de la calidad de las publicaciones científicas;Caso 1: Cartel de citas;2;### SIN_CLAVE ###;;3303;"El fracaso en los mecanismos de auditoría y control interno de la Universidad de Salamanca: ""El informe “independiente” encargado por la propia universidad alaba a Corchado mientra"
4. Comunicación y difusión del conocimiento;4.3. Índices de impacto y evaluación de la calidad de las publicaciones científicas;Caso 1: Cartel de citas;3;### SIN_CLAVE ###;;3304;Actuaciones del Comité Estatal de Ética de la Investigación y de la Agencia Estatal de Investigación.
4. Comunicación y difusión del conocimiento;4.3. Índices de impacto y evaluación de la calidad de las publicaciones científicas;Caso 1: Cartel de citas;4;### SIN_CLAVE ###;;3305;La retirada masiva de estudios del grupo de Corchado por parte de la editorial Springer-Nature, tras detectar “problemas” relacionados con “citas inapropiadas o inusuales y conflic
4. Comunicación y difusión del conocimiento;4.3. Índices de impacto y evaluación de la calidad de las publicaciones científicas;Caso 1: Cartel de citas;5;### SIN_CLAVE ###;;3306;Colaboradores afectados por la retractación masiva y número de citas a trabajos de Corchado en artículos individuales.
4. Comunicación y difusión del conocimiento;4.3. Índices de impacto y evaluación de la calidad de las publicaciones científicas;Caso 2: Sesgo y limitaciones del JIF;1;### SIN_CLAVE ###;;3354;**Generalización**: A pesar de que el JIF mide el impacto de una revista en su conjunto, a menudo se utiliza para juzgar la calidad de artículos individuales o de autores, lo que p
4. Comunicación y difusión del conocimiento;4.3. Índices de impacto y evaluación de la calidad de las publicaciones científicas;Caso 2: Sesgo y limitaciones del JIF;2;### SIN_CLAVE ###;;3356;**Influencia indebida**: Se ha demostrado que las revistas pueden inflar artificialmente su JIF al publicar más artículos de revisión (que suelen ser citados con más frecuencia) o 
4. Comunicación y difusión del conocimiento;4.3. Índices de impacto y evaluación de la calidad de las publicaciones científicas;Caso 2: Sesgo y limitaciones del JIF;3;### SIN_CLAVE ###;;3358;**Limitación disciplinaria**: El JIF puede variar significativamente entre disciplinas, lo que hace que las comparaciones directas sean problemáticas.
4. Comunicación y difusión del conocimiento;4.3. Índices de impacto y evaluación de la calidad de las publicaciones científicas;Caso 2: Sesgo y limitaciones del JIF;4;### SIN_CLAVE ###;;3360;**Énfasis en la cantidad sobre la calidad**: El uso exclusivo del JIF puede incentivar la publicación frecuente (o fraccionada), en lugar de investigaciones de calidad y profundida
4. Comunicación y difusión del conocimiento;4.3. Índices de impacto y evaluación de la calidad de las publicaciones científicas;Caso 2: Sesgo y limitaciones del JIF;1;larivire2019journal;VERIFICADO;3371;Larivière, Vincent, y Cassidy R. Sugimoto (2019). “The journal impact factor: A brief history, critique, and discussion of adverse effects”. En Springer Handbook of Science and Tec
4. Comunicación y difusión del conocimiento;4.3. Índices de impacto y evaluación de la calidad de las publicaciones científicas;Caso 2: Sesgo y limitaciones del JIF;2;haustein2015bibliometrics;DISCREPANCIA;3372;Haustein, Stefanie, y Vincent Larivière (2015). “The use of bibliometrics for assessing research: Possibilities, limitations and adverse effects”. En Incentives and Performance, 12
4. Comunicación y difusión del conocimiento;4.3. Índices de impacto y evaluación de la calidad de las publicaciones científicas;Caso 2: Sesgo y limitaciones del JIF;3;priem2010priem;sin_doi;3373;"Priem, Jason, Dario Taraborelli, Paul Groth, and Cameron Neylon. ""Altmetrics: A manifesto."" (2010). http://altmetrics.org/manifesto."
4. Comunicación y difusión del conocimiento;4.3. Índices de impacto y evaluación de la calidad de las publicaciones científicas;Caso 2: Sesgo y limitaciones del JIF;4;hirsch2005index;PENDIENTE;3374;Hirsch, J. E. 2005. “An Index to Quantify an Individual’s Scientific Research Output”. Proceedings of the National Academy of Sciences of the United States of America 102 (46): 165
4. Comunicación y difusión del conocimiento;4.3. Índices de impacto y evaluación de la calidad de las publicaciones científicas;Caso 2: Sesgo y limitaciones del JIF;5;leydesdorff2017spots;DISCREPANCIA;3375;Leydesdorff, Loet, y Wouter de Nooy. 2017. “Can ‘Hot Spots’ in the Sciences Be Mapped Using the Dynamics of Aggregated Journal-Journal Citation Relations?” Journal of the Associati
4. Comunicación y difusión del conocimiento;4.3. Índices de impacto y evaluación de la calidad de las publicaciones científicas;Caso 2: Sesgo y limitaciones del JIF;6;belter2015bibliometric;VERIFICADO;3376;Belter, Christopher W. 2015. “Bibliometric indicators: opportunities and limits”. Journal of the Medical Library Association: JMLA 103 (4): 219–21. https://doi.org/10.3163/1536-505
4. Comunicación y difusión del conocimiento;4.4. Plataformas de acceso a las publicaciones científicas y apropiación de resultados de investigación;Mostrar referencias;1;clarke2021scholarly;sin_doi;3403;Clarke, M. (2021). Scholarly Publishing's Transactional Transformation: An Overview. Learned Publishing, 34(1), 3-10.
4. Comunicación y difusión del conocimiento;4.4. Plataformas de acceso a las publicaciones científicas y apropiación de resultados de investigación;Mostrar referencias;2;larivire2020oligopoly;sin_doi;3404;Larivière, V., Haustein, S., Mongeon, P. (2020). The Oligopoly of Academic Publishers in the Digital Era. PLOS ONE, 10(6), e0127502.
4. Comunicación y difusión del conocimiento;4.4. Plataformas de acceso a las publicaciones científicas y apropiación de resultados de investigación;Mostrar referencias;3;liu2022viewing;sin_doi;3405;Liu, Z., Yin, Y., Liu, W., Dunford, M. (2022). Viewing the Landscape of Online Knowledge Production: Platforms, Engagement and Performance. Telematics and Informatics, 39, 101243.
4. Comunicación y difusión del conocimiento;4.4. Plataformas de acceso a las publicaciones científicas y apropiación de resultados de investigación;Mostrar referencias;4;pasquini2021algorithm;sin_doi;3406;Pasquini, C., Lang, K. (2021). The Algorithm and the User: How Can Control Theory Help Us Understand the Dynamics of Digital Platforms? Information Systems Journal, 31(1), 5-27.
4. Comunicación y difusión del conocimiento;4.4. Plataformas de acceso a las publicaciones científicas y apropiación de resultados de investigación;Mostrar referencias;5;tennant2019academic;sin_doi;3407;Tennant, J., Waldner, F., Jacques, D., Masuzzo, P., Collister, L., Hartgerink, C. (2019). The Academic, Economic and Societal Impacts of Open Access: An Evidence-Based Review. F100
4. Comunicación y difusión del conocimiento;4.5. Estudios de alfabetización científica y percepción pública de la ciencia;Mostrar referencias;1;brossard2019critical;sin_doi;3514;Brossard, D., Lewenstein, B. (2019). A Critical Appraisal of Models of Public Understanding of Science: Using Practice to Inform Theory. LSE Public Policy Review, 3(1), 1-22.
4. Comunicación y difusión del conocimiento;4.5. Estudios de alfabetización científica y percepción pública de la ciencia;Mostrar referencias;2;feinstein2020salvaging;sin_doi;3515;Feinstein, N. (2020). Salvaging Science Literacy. Science Education, 95(1), 168-185.
4. Comunicación y difusión del conocimiento;4.5. Estudios de alfabetización científica y percepción pública de la ciencia;Mostrar referencias;3;kahneman2022prospect;sin_doi;3516;Kahneman, D., Tversky, A. (2022). Prospect Theory: An Analysis of Decision under Risk. Journal of Political Economy, 130(1), 1-26.
4. Comunicación y difusión del conocimiento;4.5. Estudios de alfabetización científica y percepción pública de la ciencia;Mostrar referencias;4;center2010public;sin_doi;3517;Pew Research Center. (2010). Public views on science and technology. Washington, DC: Pew Research Center.
4. Comunicación y difusión del conocimiento;4.5. Estudios de alfabetización científica y percepción pública de la ciencia;Mostrar referencias;5;sinatra2014addressing;sin_doi;3518;Sinatra, G. M., Kienhues, D., & Hofer, B. K. (2014). Addressing challenges to public understanding of science: Epistemic cognition, motivated reasoning, and conceptual change. New 
4. Comunicación y difusión del conocimiento;4.5. Estudios de alfabetización científica y percepción pública de la ciencia;Mostrar referencias;6;stocklmayer2020role;sin_doi;3519;Stocklmayer, S., Gilbert, J.K., Treagust, D. (2020). The Role of Contextual Information in the Interpretation of Science Text. International Journal of Science Education, 42(1), 18
4. Comunicación y difusión del conocimiento;4.5. Estudios de alfabetización científica y percepción pública de la ciencia;Mostrar referencias;7;medina2013epistemology;VERIFICADO;3520;Medina, J. (2013). The epistemology of resistance: Gender and racial oppression, epistemic injustice, and the social imagination (1.ª ed.). Oxford University PressNew York. https:/
4. Comunicación y difusión del conocimiento;4.5. Estudios de alfabetización científica y percepción pública de la ciencia;Estudio de caso;1;weingart2019conflation;VERIFICADO;3535;Weingart, Peter, y Marina Joubert (2019). “The conflation of motives of science communication — causes, consequences, remedies”. *Journal of Science Communication* 18 (03): Y01. ht
4. Comunicación y difusión del conocimiento;4.5. Estudios de alfabetización científica y percepción pública de la ciencia;Estudio de caso;2;anonsftips;sin_doi;3536;10 Tips to Successful Science Communication. https://www.uab.edu/ccts/news-events/10-tips-to-successful-science-communication
4. Comunicación y difusión del conocimiento;4.5. Estudios de alfabetización científica y percepción pública de la ciencia;Estudio de caso;3;anon2020tips;sin_doi;3537;Shayna Joubert (July 27, 2020): 10 Tips for Effective Science Communication. https://graduate.northeastern.edu/resources/tips-for-effective-science-communication/
4. Comunicación y difusión del conocimiento;4.5. Estudios de alfabetización científica y percepción pública de la ciencia;Estudio de caso;4;bestsfbest;sin_doi;3538;Best Practices in Science Communication. https://www.ascb.org/science-policy-public-outreach/science-outreach/communication-toolkits/best-practices-in-effective-science-communicati
5. Acceso y apropiación;5.1. El modelo tradicional de derechos de autor y propiedad intelectual;Mostrar referencias;1;benson2022crisis;sin_doi;3605;Benson, R., & Stitzlein, H. (2022). A Crisis of Copyright? Digital Education and the Redistribution of Intellectual Property Rights. The Information Society, 38(1), 27-39.
5. Acceso y apropiación;5.1. El modelo tradicional de derechos de autor y propiedad intelectual;Mostrar referencias;2;beer2019disrupting;sin_doi;3606;De Beer, J. (2019). Disrupting Copyright through Blockchain. *Queen Mary Journal of Intellectual Property*, 9(3), 315-336.
5. Acceso y apropiación;5.1. El modelo tradicional de derechos de autor y propiedad intelectual;Mostrar referencias;3;easley2005ethical;VERIFICADO;3607;Easley, Robert F. (2005). “Ethical Issues in the Music Industry Response to Innovation and Piracy”. Journal of Business Ethics 62 (2): 163–68. https://doi.org/10.1007/s10551-005-01
5. Acceso y apropiación;5.1. El modelo tradicional de derechos de autor y propiedad intelectual;Mostrar referencias;4;gibson2022digital;sin_doi;3608;Gibson, J. (2022). Digital Copyright and the Parody Exception: An Empirical Study. Intellectual Property Quarterly, 1, 1-27.
5. Acceso y apropiación;5.1. El modelo tradicional de derechos de autor y propiedad intelectual;Mostrar referencias;5;hill2007digital;VERIFICADO;3609;Hill, Charles W. L. (2007). “Digital Piracy: Causes, Consequences, and Strategic Responses”. Asia Pacific Journal of Management 24 (1): 9–25. https://doi.org/10.1007/s10490-006-902
5. Acceso y apropiación;5.1. El modelo tradicional de derechos de autor y propiedad intelectual;Mostrar referencias;6;hugenholtz2018copyright;sin_doi;3610;Hugenholtz, P.B. (2018). Copyright Reconstructed: Rethinking Copyright's Economic Rights in a Time of Highly Dynamic Technological and Economic Change. The Modern Law Review, 81(1)
5. Acceso y apropiación;5.1. El modelo tradicional de derechos de autor y propiedad intelectual;Mostrar referencias;7;jones2015copyright;sin_doi;3611;Jones, Candace, Mark Lorenzen, Jonathan Sapsed, y Martin Kretschmer (Eds., 2015). “Copyright and its Discontents”. En The Oxford Handbook of Creative Industries. Oxford University 
5. Acceso y apropiación;5.1. El modelo tradicional de derechos de autor y propiedad intelectual;Mostrar referencias;8;lessig2004free;sin_doi;3612;Lessig, L. (2004). Free culture: How big media uses technology and the law to lock down culture and control creativity. New York, NY: The Penguin Press.
5. Acceso y apropiación;5.1. El modelo tradicional de derechos de autor y propiedad intelectual;Mostrar referencias;9;lethem2020ecstasy;sin_doi;3613;Lethem, J. (2020). The Ecstasy of Influence: A Plagiarism. Harper's Magazine.
5. Acceso y apropiación;5.1. El modelo tradicional de derechos de autor y propiedad intelectual;Mostrar referencias;10;macmillan2013copyright;sin_doi;3614;Macmillan, Fiona (2013). Copyright, the creative industries, and the public domain. Oxford University Press.
5. Acceso y apropiación;5.1. El modelo tradicional de derechos de autor y propiedad intelectual;Mostrar referencias;11;marshall2004effects;VERIFICADO;3615;Marshall, Lee (2004). “The Effects of Piracy upon the Music Industry: A Case Study of Bootlegging”. Media, Culture, and Society 26 (2): 163–81. https://doi.org/10.1177/016344370403
5. Acceso y apropiación;5.1. El modelo tradicional de derechos de autor y propiedad intelectual;Mostrar referencias;12;navas2021remix;sin_doi;3616;Navas, E. (2021). Remix Theory: The Aesthetics of Sampling. Journal of Visual Culture, 20(1), 83-102.
5. Acceso y apropiación;5.1. El modelo tradicional de derechos de autor y propiedad intelectual;Mostrar referencias;13;vaidhyanathan2001copyrights;sin_doi;3617;Vaidhyanathan, S. (2001). Copyrights and copywrongs: The rise of intellectual property and how it threatens creativity. New York, NY: New York University Press.
5. Acceso y apropiación;5.1. El modelo tradicional de derechos de autor y propiedad intelectual;Mostrar referencias;14;wipo2016propiedad;sin_doi;3618;WIPO (2016). La propiedad intelectual en el ámbito digital. Día Mundial de la Propiedad Intelectual. https://www.wipo.int/ip-outreach/es/ipday/2016/ip_digital.html
5. Acceso y apropiación;5.1. El modelo tradicional de derechos de autor y propiedad intelectual;Mostrar referencias;15;xalabarder2006propiedad;sin_doi;3619;Xalabarder, R. (2006). La propiedad intelectual en la era digital. UOC Papers: revista sobre la sociedad del conocimiento, 3. https://www.uoc.edu/culturaxxi/esp/articles/xalabarder
5. Acceso y apropiación;5.1. El modelo tradicional de derechos de autor y propiedad intelectual;Mostrar referencias;16;zittrain2008future;sin_doi;3620;Zittrain, J. L. (2008). The future of the Internet: And how to stop it. New Haven, CT: Yale University Press. https://dash.harvard.edu/bitstream/handle/1/4455262/Zittrain_Future%20
5. Acceso y apropiación;5.2. Quién se beneficia de los resultados de investigación;Mostrar referencias;1;martin2007benefits;sin_doi;3671;"Martin, B. R., P. Tang (2007). ""The benefits from publicly funded research"". Science Policy Research Unit, University of Sussex. https://www.researchgate.net/profile/Ben-Martin-8/p"
5. Acceso y apropiación;5.2. Quién se beneficia de los resultados de investigación;Mostrar referencias;2;feller1990universities;VERIFICADO;3672;Feller, Irwin (1990). “Universities as Engines of R&D-Based Economic Growth: They Think They Can”. Research Policy 19 (4): 335–48. https://doi.org/10.1016/0048-7333(90)90017-z.
5. Acceso y apropiación;5.2. Quién se beneficia de los resultados de investigación;Mostrar referencias;3;khodyakov2017research;sin_doi;3673;Khodyakov, D. (2017). Research beneficiaries: A systematic review. Research Policy, 46(2), 434-450.
5. Acceso y apropiación;5.2. Quién se beneficia de los resultados de investigación;Mostrar referencias;4;merkel1998role;VERIFICADO;3674;Merkel, A. (1998). “The Role of Science in Sustainable Development”. Science (New York, N.Y.) 281 (5375): 336–37. https://doi.org/10.1126/science.281.5375.336.
5. Acceso y apropiación;5.2. Quién se beneficia de los resultados de investigación;Mostrar referencias;5;molas-gallart2016towards;DISCREPANCIA;3675;Molas-Gallart, J. et al. (2016). “Towards an Alternative Framework for the Evaluation of Translational Research Initiatives”. Research Evaluation 25 (3): 235–43. https://doi.org/10
5. Acceso y apropiación;5.2. Quién se beneficia de los resultados de investigación;Mostrar referencias;6;zhou2020role;VERIFICADO;3676;Zhou, Ruoying, y Puay Tang (2020). “The Role of University Knowledge Transfer Offices: Not Just Commercialize Research Outputs!” Technovation 90–91 (102100): 102100. https://doi.or
5. Acceso y apropiación;5.3. Sistema de patentes y criterios de patentabilidad;Mostrar referencias;1;aghion2015patent;VERIFICADO;3744;Aghion, Philippe, Peter Howitt, y Susanne Prantl (2015). “Patent Rights, Product Market Reforms, and Innovation”. Journal of Economic Growth 20 (3): 223–62. https://doi.org/10.1007
5. Acceso y apropiación;5.3. Sistema de patentes y criterios de patentabilidad;Mostrar referencias;2;bently2022intellectual;sin_doi;3745;Bently, Lionel, Brad Sherman, Dev Gangjee, y Phillip Johnson (2022). Intellectual Property Law. Londres, Inglaterra: Oxford University Press.
5. Acceso y apropiación;5.3. Sistema de patentes y criterios de patentabilidad;Mostrar referencias;3;bessen2019patent;sin_doi;3746;Bessen, J. and Meurer, M.J. (2019). Patent failure: How judges, bureaucrats, and lawyers put innovators at risk. Princeton University Press. A critical examination of the patent sy
5. Acceso y apropiación;5.3. Sistema de patentes y criterios de patentabilidad;Mostrar referencias;4;sampat2019patents;sin_doi;3747;Sampat, B. and Williams, H.L. (2019). How do patents affect follow-on innovation? Evidence from the human genome. American Economic Review, 109(1), 203-36. An empirical analysis fi
5. Acceso y apropiación;5.3. Sistema de patentes y criterios de patentabilidad;Mostrar referencias;5;williams2016intellectual;VERIFICADO;3748;Williams, Heidi L. (2016). “Intellectual Property Rights and Innovation: Evidence from Health Care Markets”. Innovation Policy and the Economy 16: 53–87. https://doi.org/10.1086/68
5. Acceso y apropiación;5.3. Sistema de patentes y criterios de patentabilidad;Estudio de caso: ¿pueden patentarse genes humanos?;1;### SIN_CLAVE ###;;3766;**Myriad Genetics y las Patentes BRCA1 y BRCA2:** Myriad Genetics obtuvo patentes para dos genes humanos (BRCA1 y BRCA2) asociados con un mayor riesgo de cáncer de mama y ovario. D
5. Acceso y apropiación;5.3. Sistema de patentes y criterios de patentabilidad;Estudio de caso: ¿pueden patentarse genes humanos?;2;### SIN_CLAVE ###;;3768;**Debate Ético:** ¿Es ético permitir a una empresa tener derechos exclusivos sobre una secuencia de ADN que aparece naturalmente en el cuerpo humano? ¿Qué implicaciones tiene esto 
5. Acceso y apropiación;5.3. Sistema de patentes y criterios de patentabilidad;Estudio de caso: ¿pueden patentarse genes humanos?;3;### SIN_CLAVE ###;;3770;**Acceso a Medicamentos y Pruebas:** Myriad cobraba sumas significativas por su prueba, lo que generaba preocupaciones sobre el acceso equitativo a pruebas potencialmente vitales.
5. Acceso y apropiación;5.3. Sistema de patentes y criterios de patentabilidad;Estudio de caso: ¿pueden patentarse genes humanos?;4;### SIN_CLAVE ###;;3772;"**El Fallo de la Corte Suprema de EE.UU.:** En 2013, en el caso ""Association for Molecular Pathology v. Myriad Genetics, Inc."", la Corte Suprema de EE.UU. dictaminó que las secuenc"
5. Acceso y apropiación;5.3. Sistema de patentes y criterios de patentabilidad;Estudio de caso: ¿pueden patentarse genes humanos?;1;### SIN_CLAVE ###;;3782;"Barraclough, Emma (Agosto de 2013): ""Repercusiones del caso Myriad para la biotecnología,"" *OMPI*."
5. Acceso y apropiación;5.3. Sistema de patentes y criterios de patentabilidad;Estudio de caso: ¿pueden patentarse genes humanos?;2;sulston2002sulston;sin_doi;3783;Sulston, John, and Georgina Ferry. *The Common Thread: A Story of Science, Politics, Ethics and the Human Genome*. Bantam Press, 2002.
5. Acceso y apropiación;5.3. Sistema de patentes y criterios de patentabilidad;Estudio de caso: ¿pueden patentarse genes humanos?;3;gold2010ref;sin_doi;3784;"Gold, E. Richard, and Julia Carbone. ""Myriad Genetics: In the eye of the policy storm."" *Genetics in Medicine* 12.4 (2010): S39-S70."
5. Acceso y apropiación;5.4. El modelo *open-access* y las licencias *creative-commons*;Mostrar referencias y enlaces;1;accesosfacceso;sin_doi;3824;Acceso abierto y licencias Creative Commons (Technical University of Valencia). https://biblioguias.webs.upv.es/bg/index.php/es/prop-intectual/acceso-abierto-y-licencias-creative-c
5. Acceso y apropiación;5.4. El modelo *open-access* y las licencias *creative-commons*;Mostrar referencias y enlaces;2;bjork2016development;sin_doi;3825;"Bjork, Bo-Christer, and Paul Wouters (2016). ""The Development of Open Access."" Nature 533.760 : 481-8."
5. Acceso y apropiación;5.4. El modelo *open-access* y las licencias *creative-commons*;Mostrar referencias y enlaces;3;collins2005future;VERIFICADO;3826;Collins, Jannette (2005). “The Future of Academic Publishing: What Is Open Access?” Journal of the American College of Radiology: JACR 2 (4): 321–26. https://doi.org/10.1016/j.jacr
5. Acceso y apropiación;5.4. El modelo *open-access* y las licencias *creative-commons*;Mostrar referencias y enlaces;4;edwards2016perspective;VERIFICADO;3827;Edwards, Aled (2016). “Perspective: Science Is Still Too Closed”. Nature 533 (7602): S70–S70. https://doi.org/10.1038/533s70a.
5. Acceso y apropiación;5.4. El modelo *open-access* y las licencias *creative-commons*;Mostrar referencias y enlaces;5;accesosfaccesob;sin_doi;3828;Acceso abierto, derechos de autor y Creative Commons. https://digitum.um.es/digitum/derechos-autor.jsp.
5. Acceso y apropiación;5.4. El modelo *open-access* y las licencias *creative-commons*;Mostrar referencias y enlaces;6;hrynaszkiewicz2020impact;sin_doi;3829;"Hrynaszkiewicz, Izabela, et al. (2020). ""The Impact of Open Access on Research Metrics."" PLoS One 15.8: e0236705."
5. Acceso y apropiación;5.4. El modelo *open-access* y las licencias *creative-commons*;Mostrar referencias y enlaces;7;laakso2011development;VERIFICADO;3830;Laakso, Mikael, Patrik Welling, Helena Bukvova, Linus Nyman, Bo-Christer Björk, y Turid Hedlund (2011). “The Development of Open Access Journal Publishing from 1993 to 2009”. PloS 
5. Acceso y apropiación;5.4. El modelo *open-access* y las licencias *creative-commons*;Mostrar referencias y enlaces;8;licenciassflicencias;sin_doi;3831;Licencias Creative Commons en revistas científicas: análisis de su uso en las principales revistas de biblioteconomía y documentación. https://revistas.um.es/analesdoc/article/view
5. Acceso y apropiación;5.4. El modelo *open-access* y las licencias *creative-commons*;Mostrar referencias y enlaces;9;licenciassflicenciasb;sin_doi;3832;Licencias Creative Commons: qué son y cómo funcionan. https://blogs.iadb.org/conocimiento-abierto/es/licencias-creative-commons-que-son-y-como-funcionan/
5. Acceso y apropiación;5.4. El modelo *open-access* y las licencias *creative-commons*;Mostrar referencias y enlaces;10;subersfsuber;sin_doi;3833;Suber, Peter. Writings on open access. https://cyber.harvard.edu/~psuber/wiki/Writings_on_open_access.
5. Acceso y apropiación;5.4. El modelo *open-access* y las licencias *creative-commons*;Mostrar referencias y enlaces;11;unescosfunesco;sin_doi;3834;UNESCO: Las licencias Creative Commons. https://bing.com/search?q=el+modelo+open-access+y+las+licencias+creative-commons
5. Acceso y apropiación;5.4. El modelo *open-access* y las licencias *creative-commons*;Mostrar referencias y enlaces;12;wei2020research;DISCREPANCIA;3835;Wei, Mingkun (2020). “Research on Impact Evaluation of Open Access Journals”. Scientometrics 122 (2): 1027–49. https://doi.org/10.1007/s11192-019-03306-6.
5. Acceso y apropiación;5.4. El modelo *open-access* y las licencias *creative-commons*;Mostrar referencias y enlaces;13;willinsky2015access;sin_doi;3836;Willinsky, John (2015). The Access Principle: Open Access to Research and Scholarship. MIT Press.
5. Acceso y apropiación;5.5. Modelos cooperativos y gestión de la complejidad interdisciplinar;Mostrar referencias y enlaces;1;abramo2017relationship;VERIFICADO;3880;Abramo, G., D’Angelo, A. C., & Murgia, G. (2017). The relationship among research productivity, research collaboration, and their determinants. Journal Of Informetrics, 11(4), 1016
5. Acceso y apropiación;5.5. Modelos cooperativos y gestión de la complejidad interdisciplinar;Mostrar referencias y enlaces;2;aksnes2023global;VERIFICADO;3881;Aksnes, D. W., & Sivertsen, G. (2023). Global trends in international research collaboration, 1980-2021①. Journal Of Data And Information Science, 8(2), 26-42. https://doi.org/10.2
5. Acceso y apropiación;5.5. Modelos cooperativos y gestión de la complejidad interdisciplinar;Mostrar referencias y enlaces;3;calancie2021consolidated;VERIFICADO;3882;Calancie, L. et al. (2021). Consolidated Framework for Collaboration Research derived from a systematic review of theories, models, frameworks and principles for cross-sector colla
5. Acceso y apropiación;5.5. Modelos cooperativos y gestión de la complejidad interdisciplinar;Mostrar referencias y enlaces;1;dossier2021dossier;sin_doi;3885;Dossier de Grupos Cooperativos Nacionales de Investigación 2021: presenta la contribución de los grupos cooperativos españoles en la investigación clínica, preclínica y epidemiológ
5. Acceso y apropiación;5.5. Modelos cooperativos y gestión de la complejidad interdisciplinar;Mostrar referencias y enlaces;2;cienciasfciencia;sin_doi;3886;Ciencia abierta y el nuevo modus operandi de comunicar la investigación - I. https://blog.scielo.org/es/2019/08/01/ciencia-abierta-y-el-nuevo-modus-operandi-de-comunicar-la-investi
6. De la sociedad de la información a la sociedad del conocimiento;6.1. Economía de la información y prospectiva histórico-social;Referencias y enlaces;1;barcena2016planificacion;sin_doi;3976;Bárcena, A. y otros (CEPAL, 2016): Planificación y prospectiva para la construcción de futuro en América Latina y el Caribe. https://www.oitcinterfor.org/sites/default/files/file_p
6. De la sociedad de la información a la sociedad del conocimiento;6.1. Economía de la información y prospectiva histórico-social;Referencias y enlaces;2;benkler2018network;VERIFICADO;3977;Benkler, Yochai, Robert Faris, y Hal Roberts (2018). Network propaganda: Manipulation, disinformation, and radicalization in American politics. Oxford University PressNew York. htt
6. De la sociedad de la información a la sociedad del conocimiento;6.1. Economía de la información y prospectiva histórico-social;Referencias y enlaces;3;### SIN_CLAVE ###;;3978;Fuchs, Ch. (2018). Digital Demagogue: Authoritarian Capitalism in the Age of Trump and Twitter. Londres: Pluto Press.
6. De la sociedad de la información a la sociedad del conocimiento;6.1. Economía de la información y prospectiva histórico-social;Referencias y enlaces;4;gavigan2001panorama;sin_doi;3979;Gavigan, J. P. (2001): Panorama de la prospectiva en Europa. Principios y visión general por países.   https://www.mincotur.gob.es/Publicaciones/Publicacionesperiodicas/EconomiaInd
6. De la sociedad de la información a la sociedad del conocimiento;6.1. Economía de la información y prospectiva histórico-social;Referencias y enlaces;5;cortezo2000prospectiva;sin_doi;3980;Rodríguez Cortezo, J. (2000): La prospectiva y la política de innovación Herramientas estratégicas clave para la competitividad. https://www.mincotur.gob.es/Publicaciones/Publicaci
6. De la sociedad de la información a la sociedad del conocimiento;6.1. Economía de la información y prospectiva histórico-social;Referencias y enlaces;6;zuboff2019surveillance;sin_doi;3981;Zuboff, Shoshana (2019). The Age of Surveillance Capitalism: The Fight for a Human Future at the New Frontier of Power. Nueva York, NY, Estados Unidos de América: PublicAffairs.
6. De la sociedad de la información a la sociedad del conocimiento;6.1. Economía de la información y prospectiva histórico-social;Referencias y enlaces;1;quesfprospectiva;sin_doi;3984;Qué es la Prospectiva y el Análisis Prospectivo. https://www.lisainstitute.com/blogs/blog/prospectiva-y-analisis-prospectivo
6. De la sociedad de la información a la sociedad del conocimiento;6.1. Economía de la información y prospectiva histórico-social;Referencias y enlaces;2;uc3msfgabinete;sin_doi;3985;UC3M, Gabinete de estudios y prospectiva. https://www.uc3m.es/consejosocial/gabinete-estudios-prospectiva
6. De la sociedad de la información a la sociedad del conocimiento;6.1. Economía de la información y prospectiva histórico-social;Estudios de caso;1;### SIN_CLAVE ###;;4040;**Ética de la Información**: ¿Es ético que las plataformas de redes sociales utilicen algoritmos para censurar contenido? ¿Dónde se traza la línea entre la libertad de expresión y 
6. De la sociedad de la información a la sociedad del conocimiento;6.1. Economía de la información y prospectiva histórico-social;Estudios de caso;2;### SIN_CLAVE ###;;4041;**Responsabilidad Social**: ¿Quién es responsable de la desinformación: las plataformas, los usuarios que la crean, o los que la comparten?
6. De la sociedad de la información a la sociedad del conocimiento;6.1. Economía de la información y prospectiva histórico-social;Estudios de caso;3;### SIN_CLAVE ###;;4042;**Tecnología y Sociedad**: ¿Cómo afecta la capacidad de burlar los algoritmos a la confianza pública en la información disponible en las redes sociales?
6. De la sociedad de la información a la sociedad del conocimiento;6.1. Economía de la información y prospectiva histórico-social;Estudios de caso;1;### SIN_CLAVE ###;;4045;¿Qué medidas adicionales podrían tomar las plataformas de redes sociales para combatir la desinformación sin violar la libertad de expresión?
6. De la sociedad de la información a la sociedad del conocimiento;6.1. Economía de la información y prospectiva histórico-social;Estudios de caso;2;### SIN_CLAVE ###;;4046;¿Cómo pueden los usuarios individuales contribuir a la lucha contra la desinformación?
6. De la sociedad de la información a la sociedad del conocimiento;6.1. Economía de la información y prospectiva histórico-social;Estudios de caso;3;### SIN_CLAVE ###;;4047;¿Qué papel deben jugar los gobiernos en la regulación de la información en las redes sociales?
6. De la sociedad de la información a la sociedad del conocimiento;6.2. Política en la sociedad del conocimiento;Datos de acceso a Internet por grupos afroamericanos, blanco;1;### SIN_CLAVE ###;;4119;Access to computers and internet connection by race and ethnicity
6. De la sociedad de la información a la sociedad del conocimiento;6.2. Política en la sociedad del conocimiento;Datos de acceso a Internet por grupos afroamericanos, blanco;2;### SIN_CLAVE ###;;4120;Workforce representation by race and ethnicity in highly digital occupations
6. De la sociedad de la información a la sociedad del conocimiento;6.2. Política en la sociedad del conocimiento;Referencias y enlaces;1;gorski2003privilege;sin_doi;4131;"Gorski, Paul C. (2003). ""Privilege and Repression in the Digital Era: Rethinking the Sociopolitics of the Digital Divide."" Race, Gender & Class 10 (4): 145-176. https://www.proques"
6. De la sociedad de la información a la sociedad del conocimiento;6.2. Política en la sociedad del conocimiento;Referencias y enlaces;2;medero2022modeling;VERIFICADO;4132;Medero, Kristina, Kelly Merrill Jr, y Morgan Quinn Ross (2022). “Modeling Access across the Digital Divide for Intersectional Groups Seeking Web-Based Health Information: National 
6. De la sociedad de la información a la sociedad del conocimiento;6.2. Política en la sociedad del conocimiento;Referencias y enlaces;3;walker2020exploring;VERIFICADO;4133;Walker, Daniel M., Jennifer L. Hefner, Naleef Fareed, Timothy R. Huerta, y Ann Scheck McAlearney (2020). “Exploring the Digital Divide: Age and Race Disparities in Use of an Inpati
6. De la sociedad de la información a la sociedad del conocimiento;6.2. Política en la sociedad del conocimiento;Referencias y enlaces;1;anonsfpolitica;sin_doi;4136;La política en la SOCIEDAD DEL CONOCIMIENTO. https://isaachernandez.es/consultoria-politica/la-politica-en-la-sociedad-del-conocimiento/
6. De la sociedad de la información a la sociedad del conocimiento;6.2. Política en la sociedad del conocimiento;Referencias y enlaces;2;brechasfbrecha;sin_doi;4137;"Brecha digital: Dimensiones y críticas al concepto. https://es.wikipedia.org/wiki/Brecha_digital;  https://es.wikipedia.org/wiki/Brecha_digital#Dimensiones;  https://es.wikipedia.o"
6. De la sociedad de la información a la sociedad del conocimiento;6.2. Política en la sociedad del conocimiento;Referencias y enlaces;4;netref2016netref;sin_doi;4138;NetRef (14/01/2016). «The Digital Divide in the Age of the Connected Classroom». https://net-ref.com/wp-content/uploads/2016/01/Bridging-the-Digital-Divide-NetRef-White-Paper-FINAL
6. De la sociedad de la información a la sociedad del conocimiento;6.2. Política en la sociedad del conocimiento;Referencias y enlaces;5;internet2023internet;sin_doi;4139;Internet Usage Statistics. The Internet Big Picture. World Internet Users and 2023 Population Stats. https://www.internetworldstats.com/stats.htm
6. De la sociedad de la información a la sociedad del conocimiento;6.2. Política en la sociedad del conocimiento;Referencias y enlaces;6;anon2023closing;sin_doi;4140;Closing the digital divide in Black America. January 18, 2023. https://www.mckinsey.com/industries/public-sector/our-insights/closing-the-digital-divide-in-black-america
6. De la sociedad de la información a la sociedad del conocimiento;6.2. Política en la sociedad del conocimiento;Referencias y enlaces;7;digitalsfdigital;sin_doi;4141;Digital divide in the United States. https://en.wikipedia.org/wiki/Digital_divide_in_the_United_States
6. De la sociedad de la información a la sociedad del conocimiento;6.2. Política en la sociedad del conocimiento;Referencias y enlaces;8;adoption2021home;sin_doi;4142;Home broadband adoption, computer ownership vary by race, ethnicity in the U.S. JULY 16, 2021. https://www.pewresearch.org/short-reads/2021/07/16/home-broadband-adoption-computer-o
6. De la sociedad de la información a la sociedad del conocimiento;6.2. Política en la sociedad del conocimiento;Referencias y enlaces;9;rural2021some;sin_doi;4143;Some digital divides persist between rural, urban and suburban America. AUGUST 19, 2021. https://www.pewresearch.org/short-reads/2021/08/19/some-digital-divides-persist-between-rur
6. De la sociedad de la información a la sociedad del conocimiento;6.2. Política en la sociedad del conocimiento;Referencias y enlaces;10;digitalsfdigitalb;sin_doi;4144;Digital Injustice: Disparities in Digital Access across the US and How they Disproportionately Hurt the Black and Latinx Communities. https://sites.tufts.edu/digitalplanet/digital-
6. De la sociedad de la información a la sociedad del conocimiento;6.3. Del acceso a la participación activa en la generación de conocimiento;Referencias y enlaces;1;smith2013civic;sin_doi;4171;Smith, Aaron (Pew Research Center, 2013): Civic Engagement in the Digital Age. https://core.ac.uk/reader/30677017
6. De la sociedad de la información a la sociedad del conocimiento;6.3. Del acceso a la participación activa en la generación de conocimiento;Referencias y enlaces;2;andersen2020generational;sin_doi;4172;Andersen, Kim, Jakob Ohme, Camilla Bjarnøe, Mats Joe Bordacconi, Erik Albæk, y Claes de Vreese (2020). Generational gaps in political media use and civic engagement: From baby boom
6. De la sociedad de la información a la sociedad del conocimiento;6.3. Del acceso a la participación activa en la generación de conocimiento;Referencias y enlaces;3;barassi2016datafied;VERIFICADO;4173;Barassi, Veronica (2016). “Datafied Citizens? Social Media Activism, Digital Traces and the Question about Political Profiling”. Communication and the Public 1 (4): 494–99. https:/
6. De la sociedad de la información a la sociedad del conocimiento;6.3. Del acceso a la participación activa en la generación de conocimiento;Referencias y enlaces;4;wihbey2015does;sin_doi;4174;Wihbey, John (Oct. 18, 2015): How does social media use influence political participation and civic engagement? A meta-analysis. https://journalistsresource.org/politics-and-govern
6. De la sociedad de la información a la sociedad del conocimiento;6.3. Del acceso a la participación activa en la generación de conocimiento;Referencias y enlaces;5;onguny2019mediated;PENDIENTE;4175;Onguny, Philip Oburu (2019). “Mediated political participation and competing discourses of online civic engagement”. Journal of development and communication studies 6 (1): 36–47. 
6. De la sociedad de la información a la sociedad del conocimiento;6.3. Del acceso a la participación activa en la generación de conocimiento;Referencias y enlaces;6;websfsemantica;sin_doi;4176;Web 2.0., Web 3.0 o Web semántica: https://es.wikipedia.org/wiki/Web_2.0
6. De la sociedad de la información a la sociedad del conocimiento;6.4. Participación pública, democracia y conocimiento;Referencias y enlaces;1;burkle2018redefining;VERIFICADO;4233;Burkle, Martha, y Cristobal Cobo (2018). “Redefining knowledge in the digital age”. Journal of new approaches in educational research 7 (2): 79–80. https://doi.org/10.7821/naer.201
6. De la sociedad de la información a la sociedad del conocimiento;6.4. Participación pública, democracia y conocimiento;Referencias y enlaces;2;caluwaerts2023deliberation;VERIFICADO;4234;Caluwaerts, Didier, Kamil Bernaerts, Rebekka Kesberg, Lien Smets, y Bram Spruyt (2023). “Deliberation and polarization: a multi-disciplinary review”. Frontiers in political science
6. De la sociedad de la información a la sociedad del conocimiento;6.4. Participación pública, democracia y conocimiento;Referencias y enlaces;3;council2023council;sin_doi;4235;Council of Europe (March 2023): Report on deliberative democracy.  European Committee on Democracy and Governance (CDDG). https://rm.coe.int/report-on-deliberative-democracy-eng/16
6. De la sociedad de la información a la sociedad del conocimiento;6.4. Participación pública, democracia y conocimiento;Referencias y enlaces;4;dahlgren2013political;VERIFICADO;4236;Dahlgren, Peter (2013). The Political Web: Media, Participation and Alternative Democracy. Basingstoke, Inglaterra: Palgrave Macmillan. https://doi.org/10.1057/9781137326386.
6. De la sociedad de la información a la sociedad del conocimiento;6.4. Participación pública, democracia y conocimiento;Referencias y enlaces;5;filipe2017production;VERIFICADO;4237;Filipe, Angela, Alicia Renedo, y Cicely Marston (2017). “The Co-Production of What? Knowledge, Values, and Social Relations in Health Care”. PLoS Biology 15 (5): e2001403. https://
6. De la sociedad de la información a la sociedad del conocimiento;6.4. Participación pública, democracia y conocimiento;Referencias y enlaces;6;fishkin2011making;VERIFICADO;4238;Fishkin, James S. (2011). “Making deliberative democracy practical”. En When the People Speak, 95–105. Oxford University Press. https://doi.org/10.1093/acprof:osobl/9780199604432.0
6. De la sociedad de la información a la sociedad del conocimiento;6.4. Participación pública, democracia y conocimiento;Referencias y enlaces;7;odoherty2017deliberative;VERIFICADO;4239;O’Doherty, Kieran C. (2017). “Deliberative Public Opinion: Development of a Social Construct”. History of the Human Sciences 30 (4): 124–45. https://doi.org/10.1177/095269511772271
6. De la sociedad de la información a la sociedad del conocimiento;6.4. Participación pública, democracia y conocimiento;Referencias y enlaces;8;redman2021production;VERIFICADO;4240;Redman, S., T. Greenhalgh, L. Adedokun, S. Staniszewska, y S. Denegri (2021). “Co-Production of Knowledge: The Future”. BMJ (Clinical Research Ed.), n434. https://doi.org/10.1136/b
6. De la sociedad de la información a la sociedad del conocimiento;6.4. Participación pública, democracia y conocimiento;Referencias y enlaces;9;sunstein2017republic;sin_doi;4241;Sunstein, Cass R. (2017). #republic: Divided Democracy in the Age of Social Media. Princeton, NJ, Estados Unidos de América: Princeton University Press.
6. De la sociedad de la información a la sociedad del conocimiento;6.5. Redes sociales y redes de conocimiento: la revolución humanista;Mostrar referencias;1;bos2016participatory;sin_doi;4267;Bos, J. A., & Carpentier, V. (2016). The participatory turn: Challenges to the epistemologies of participation. European Journal of Communication, 31(3), 287-305.
6. De la sociedad de la información a la sociedad del conocimiento;6.5. Redes sociales y redes de conocimiento: la revolución humanista;Mostrar referencias;2;brown2000collective;sin_doi;4268;Brown, P. y Lauder, H. (2000): Collective intelligence. Social Capital: Critical Perspectives. Nueva York, Oxford University Press.
6. De la sociedad de la información a la sociedad del conocimiento;6.5. Redes sociales y redes de conocimiento: la revolución humanista;Mostrar referencias;3;fladerer2019wisdom;sin_doi;4269;Fladerer, J.P. (2019): The Wisdom of the Many: How to create Self-Organisation and how to use Collective Intelligence in Companies and in Society From Management to ManagemANT. Nor
6. De la sociedad de la información a la sociedad del conocimiento;6.5. Redes sociales y redes de conocimiento: la revolución humanista;Mostrar referencias;4;castells2016networks;sin_doi;4270;Castells, M. (2016). Networks of outrage and hope: Social movements in the internet age. Polity Press.
6. De la sociedad de la información a la sociedad del conocimiento;6.5. Redes sociales y redes de conocimiento: la revolución humanista;Mostrar referencias;5;flaxman2016filter;VERIFICADO;4271;Flaxman, Seth, Sharad Goel, y Justin M. Rao (2016). “Filter Bubbles, Echo Chambers, and Online News Consumption”. Public Opinion Quarterly 80 (S1): 298–320. https://doi.org/10.1093
6. De la sociedad de la información a la sociedad del conocimiento;6.5. Redes sociales y redes de conocimiento: la revolución humanista;Mostrar referencias;6;garrett2009echo;VERIFICADO;4272;Garrett, R. Kelly (2009). “Echo Chambers Online?: Politically Motivated Selective Exposure among Internet News Users”. Journal of Computer-Mediated Communication: JCMC 14 (2): 265–
6. De la sociedad de la información a la sociedad del conocimiento;6.5. Redes sociales y redes de conocimiento: la revolución humanista;Mostrar referencias;7;jenkins2008convergence;sin_doi;4273;Jenkins, Henry (2008). Convergence Culture: Where Old and New Media Collide. Nueva York, NY, Estados Unidos de América: New York University Press.
6. De la sociedad de la información a la sociedad del conocimiento;6.5. Redes sociales y redes de conocimiento: la revolución humanista;Mostrar referencias;8;malone2018superminds;sin_doi;4274;Malone, T. (2018): Superminds. The Surprising Power of People and Computers Thinking Together. Nueva York, Little, Brown Spark (Hachette Book Group).
6. De la sociedad de la información a la sociedad del conocimiento;6.5. Redes sociales y redes de conocimiento: la revolución humanista;Mostrar referencias;9;martinez2022martinez;sin_doi;4275;Martínez-Cortiña, R. (16/11/2022): Hacia la revolución humanista: Podemos superar colectivamente una eventual era de la oscuridad emulando una de las mejores prácticas en la histor
6. De la sociedad de la información a la sociedad del conocimiento;6.5. Redes sociales y redes de conocimiento: la revolución humanista;Caso 1: Bulos y desinformación a través de las redes sociale;1;### SIN_CLAVE ###;;4286;*Valores y ética*: las redes sociales permiten la rápida difusión de noticias y contenido, pero esto también genera preocupaciones sobre la desinformación, la privacidad y el discu
6. De la sociedad de la información a la sociedad del conocimiento;6.5. Redes sociales y redes de conocimiento: la revolución humanista;Caso 1: Bulos y desinformación a través de las redes sociale;2;### SIN_CLAVE ###;;4288;*Formación de identidad*: las redes sociales sirven como un espacio para construir la identidad personal y grupal. Los perfiles, imágenes y discursos en las plataformas se conviert
6. De la sociedad de la información a la sociedad del conocimiento;6.5. Redes sociales y redes de conocimiento: la revolución humanista;Caso 1: Bulos y desinformación a través de las redes sociale;3;### SIN_CLAVE ###;;4290;*Normas del discurso*: la capacidad de conversar, debatir y entender diferentes perspectivas subyace en el progreso humano, pero las dinámicas en las plataformas sociales incentiva
6. De la sociedad de la información a la sociedad del conocimiento;6.5. Redes sociales y redes de conocimiento: la revolución humanista;Caso 1: Bulos y desinformación a través de las redes sociale;4;### SIN_CLAVE ###;;4292;*Nuevas posibilidades*: La interacción social medidada por ciertas tecnologías sociales puede amplificar rasgos y disposiciones humanas (la conexión, el compartir, coordinar esfuer
6. De la sociedad de la información a la sociedad del conocimiento;6.5. Redes sociales y redes de conocimiento: la revolución humanista;Caso 1: Bulos y desinformación a través de las redes sociale;1;vallor2016technology;sin_doi;4296;Vallor, Shannon. 2016. Technology and the Virtues: A Philosophical Guide to a Future Worth Wanting. Londres, Inglaterra: Oxford University Press.
6. De la sociedad de la información a la sociedad del conocimiento;6.5. Redes sociales y redes de conocimiento: la revolución humanista;Caso 1: Bulos y desinformación a través de las redes sociale;1;### SIN_CLAVE ###;;4311;*Salud laboral y cultura corporativa*: Meta subcontrata a otras empresasla moderación de contenidos en Facebook e Instagram. Sin formación previa, este grupo de trabajadores cursa 
6. De la sociedad de la información a la sociedad del conocimiento;6.5. Redes sociales y redes de conocimiento: la revolución humanista;Caso 1: Bulos y desinformación a través de las redes sociale;2;### SIN_CLAVE ###;;4313;*Riesgos psicosociales de la exposición a contenidos violentos*: El “grupo de alta prioridad” se ocupa de filtrar el contenido más salvaje (“Asesinatos brutales, desmembramientos, 
6. De la sociedad de la información a la sociedad del conocimiento;6.5. Redes sociales y redes de conocimiento: la revolución humanista;Caso 1: Bulos y desinformación a través de las redes sociale;3;### SIN_CLAVE ###;;4315;*Secuelas*: En pocos años, algunos trabajadores requieren tratamiento psiquiátrico y dependen de psicofármacos para afrontar ataques de pánico y otros síntomas.
6. De la sociedad de la información a la sociedad del conocimiento;6.5. Redes sociales y redes de conocimiento: la revolución humanista;Caso 1: Bulos y desinformación a través de las redes sociale;4;### SIN_CLAVE ###;;4317;*Acción colectiva*: En EE.UU. se ha presentado una demanda colectiva. En 2020 Facebook indemnizó con 52 millones de dólares a más de 11.000 moderadores. En Kenia y en otros países 
6. De la sociedad de la información a la sociedad del conocimiento;6.5. Redes sociales y redes de conocimiento: la revolución humanista;Caso 1: Bulos y desinformación a través de las redes sociale;5;### SIN_CLAVE ###;;4319;*Tipo y volumen de contenido retirado*: Meta informa cada trimestre del volumen de contenidos que retira. En el segundo del 2023, fueron 7,2 millones de contenidos por abuso sexual
6. De la sociedad de la información a la sociedad del conocimiento;6.5. Redes sociales y redes de conocimiento: la revolución humanista;Caso 2: Youtube y las teorías de la conspiración;1;suburbs2020video;sin_doi;4373;How QAnon is spreading unproven theories through the suburbs. (2020, 15 octubre). [Vídeo]. NBC News.
6. De la sociedad de la información a la sociedad del conocimiento;6.5. Redes sociales y redes de conocimiento: la revolución humanista;Caso 2: Youtube y las teorías de la conspiración;2;### SIN_CLAVE ###;;4374;"PRS (16/11/2020): ""5 facts about the QAnon conspiracy theories. Pew Research Center""."
6. De la sociedad de la información a la sociedad del conocimiento;6.5. Redes sociales y redes de conocimiento: la revolución humanista;Caso 2: Youtube y las teorías de la conspiración;3;nbc2020talk;sin_doi;4375;"NBC (2020, 6 octubre). ""How to talk to family or friends that went down the QAnon rabbit hole"".  [Vídeo]. NBC News."
6. De la sociedad de la información a la sociedad del conocimiento;6.5. Redes sociales y redes de conocimiento: la revolución humanista;Caso 2: Youtube y las teorías de la conspiración;4;news2020twitter;sin_doi;4376;"NBC News (2020, 23 julio).""Twitter bans conspiracy theory followers, cites harassment and misinformation"". [Vídeo]."
6. De la sociedad de la información a la sociedad del conocimiento;6.6. Dataísmo, Internet de las Cosas, algoritmos y *machine learning*;Referencias y enlaces;1;broussard2018artificial;sin_doi;4413;Broussard, Meredith (2018). Artificial unintelligence: How computers misunderstand the world. The MIT Press.
6. De la sociedad de la información a la sociedad del conocimiento;6.6. Dataísmo, Internet de las Cosas, algoritmos y *machine learning*;Referencias y enlaces;2;floridi2014fourth;sin_doi;4414;Floridi, Luciano (2014). The Fourth Revolution: How the Infosphere Is Reshaping Human Reality. Londres, Inglaterra: Oxford University Press.
6. De la sociedad de la información a la sociedad del conocimiento;6.6. Dataísmo, Internet de las Cosas, algoritmos y *machine learning*;Referencias y enlaces;3;lupton2019data;sin_doi;4415;Lupton, Deborah (2019). Data Selves: More-than-Human Perspectives. Oxford, Inglaterra: Polity.
6. De la sociedad de la información a la sociedad del conocimiento;6.6. Dataísmo, Internet de las Cosas, algoritmos y *machine learning*;Referencias y enlaces;4;russell2019artificial;sin_doi;4416;Russell, Stuart, y Peter Norvig (2019). Artificial Intelligence: A Modern Approach. Pearson Higher Education.
6. De la sociedad de la información a la sociedad del conocimiento;6.6. Dataísmo, Internet de las Cosas, algoritmos y *machine learning*;Referencias y enlaces;5;swan2012sensor;VERIFICADO;4417;Swan, Melanie (2012). “Sensor Mania! The Internet of Things, Wearable Computing, Objective Metrics, and the Quantified Self 2.0”. Journal of Sensor and Actuator Networks 1 (3): 217
6. De la sociedad de la información a la sociedad del conocimiento;6.6. Dataísmo, Internet de las Cosas, algoritmos y *machine learning*;Referencias y enlaces;6;dijck2014datafication;VERIFICADO;4418;Van Dijck, Jose (2014). “Datafication, dataism and dataveillance: Big Data between scientific paradigm and ideology”. Surveillance & society 12 (2): 197–208. https://doi.org/10.249
6. De la sociedad de la información a la sociedad del conocimiento;6.6. Dataísmo, Internet de las Cosas, algoritmos y *machine learning*;Estudio de caso;1;fan2022simpleb;PENDIENTE;4441;Fan, Jianqing, Yingying Fan, Jinchi Lv, y Fan Yang (2022). “SIMPLE-RC: Group network inference with non-sharp nulls and weak signals”.
6. De la sociedad de la información a la sociedad del conocimiento;6.6. Dataísmo, Internet de las Cosas, algoritmos y *machine learning*;Estudio de caso;2;### SIN_CLAVE ###;;4442;NYPDStop, Question and Frisk Data.
6. De la sociedad de la información a la sociedad del conocimiento;6.6. Dataísmo, Internet de las Cosas, algoritmos y *machine learning*;Estudio de caso;3;rosenfeld2017relationshipb;VERIFICADO;4443;Rosenfeld, Richard, y Robert Fornango (2017). “The Relationship between Crime and Stop, Question, and Frisk Rates in New York City Neighborhoods”. Justice Quarterly 34 (6): 931–51.
6. De la sociedad de la información a la sociedad del conocimiento;6.6. Dataísmo, Internet de las Cosas, algoritmos y *machine learning*;Estudio de caso;4;sun2017revisiting;sin_doi;4444;Sun, C., Shrivastava, A., Singh, S., & Gupta, A. (2017, July 10). Revisiting unreasonable effectiveness of data in deep learning era. arXiv.org.
6. De la sociedad de la información a la sociedad del conocimiento;6.6. Dataísmo, Internet de las Cosas, algoritmos y *machine learning*;Estudio de caso;5;khan2022transformers;VERIFICADO;4445;Khan, Salman, Muzammal Naseer, Munawar Hayat, Syed Waqas Zamir, Fahad Shahbaz Khan, y Mubarak Shah (2022). “Transformers in Vision: A Survey”. ACM Computing Surveys 54 (10s): 1–41.
6. De la sociedad de la información a la sociedad del conocimiento;6.7. La irrupción de ChatGPT y otros servicios de IA generativa. Implicaciones;Referencias y enlaces;1;arntz2020digitalization;sin_doi;4479;Arntz, M., Gregory, T., & Zierahn, U. (2020). Digitalization and the Future of Work: Macroeconomic Consequences. Structural Change and Economic Dynamics, 53, 443-456.
6. De la sociedad de la información a la sociedad del conocimiento;6.7. La irrupción de ChatGPT y otros servicios de IA generativa. Implicaciones;Referencias y enlaces;2;bender2021dangers;sin_doi;4480;Bender, E.M., Gebru, T., McMillan-Major, A., & Shmitchell, S. (2021). On the Dangers of Stochastic Parrots: Can Language Models Be Too Big? Proceedings of the 2021 ACM Conference o
6. De la sociedad de la información a la sociedad del conocimiento;6.7. La irrupción de ChatGPT y otros servicios de IA generativa. Implicaciones;Referencias y enlaces;3;bostrom2020vulnerable;sin_doi;4481;Bostrom, N. (2020). The Vulnerable World Hypothesis. Global Policy, 11(4), 493-505.
6. De la sociedad de la información a la sociedad del conocimiento;6.7. La irrupción de ChatGPT y otros servicios de IA generativa. Implicaciones;Referencias y enlaces;4;crawford2021context;sin_doi;4482;Crawford, K., Dobbe, R., Dryer, T., Gillis, G., Kaziunas, E., Maharana, A., et al. (2021). Al in Context: The Labor of Integrating NewTechnologies. Proceedings of the 2021 ACM Conf
6. De la sociedad de la información a la sociedad del conocimiento;6.7. La irrupción de ChatGPT y otros servicios de IA generativa. Implicaciones;Referencias y enlaces;5;felten2023economic;sin_doi;4483;Felten, E., Huang, L., & Kagal, L. (2023). The economic potential of generative Al: The next productivity frontier. McKinsey & Company. https://www.mckinsey.com/capabilities/mckins
6. De la sociedad de la información a la sociedad del conocimiento;6.7. La irrupción de ChatGPT y otros servicios de IA generativa. Implicaciones;Referencias y enlaces;6;johnson2023chatgpt;sin_doi;4484;Johnson, K. (2023, March 8). How ChatGPT is changing the way we communicate. The Conversation.
6. De la sociedad de la información a la sociedad del conocimiento;6.7. La irrupción de ChatGPT y otros servicios de IA generativa. Implicaciones;Referencias y enlaces;7;mckinsey2023opinion;DISCREPANCIA;4485;"McKinsey. (2023, June 1). Opinion Paper: ""So what if ChatGPT wrote it?"" Multidisciplinary perspectives on opportunities, challenges and implications of generative conversational Al"
6. De la sociedad de la información a la sociedad del conocimiento;6.7. La irrupción de ChatGPT y otros servicios de IA generativa. Implicaciones;Referencias y enlaces;8;npr2023will;sin_doi;4486;NPR. (2023, June 2). How will generative Al — such as ChatGPT — affect the workplace?
6. De la sociedad de la información a la sociedad del conocimiento;6.7. La irrupción de ChatGPT y otros servicios de IA generativa. Implicaciones;Referencias y enlaces;9;radford2020language;sin_doi;4487;Radford, A., Wu, J., Child, R., Luan, D., Amodei, D., & Sutskever, I. (2020). Language Models are Few-Shot Learners. arXiv:2005.14165.
6. De la sociedad de la información a la sociedad del conocimiento;6.7. La irrupción de ChatGPT y otros servicios de IA generativa. Implicaciones;Referencias y enlaces;10;tietoevry2023chatgpt;sin_doi;4488;TietoEVRY. (2023, June 21). ChatGPT and beyond: What is the impact of generative Al on information work? https://www.tietoevry.com/en/blog/2023/06/chatgpt-and-beyond-what-is-the-im
6. De la sociedad de la información a la sociedad del conocimiento;6.7. La irrupción de ChatGPT y otros servicios de IA generativa. Implicaciones;Referencias y enlaces;11;wan2019supporting;sin_doi;4489;Wan, S., Paris, C., & Dale, R. (2019). Supporting e-Learning with Artificial Intelligence. Handbook of Artificial Intelligence in Education, 193-210.
6. De la sociedad de la información a la sociedad del conocimiento;6.7. La irrupción de ChatGPT y otros servicios de IA generativa. Implicaciones;Referencias y enlaces;1;glen2023glen;sin_doi;4492;Glen Gow (10 ABRIL 2023): Estos son los cinco principales peligros en la era de la IA y ChatGPT. https://forbes.es/tecnologia/260702/estos-son-los-cinco-principales-peligros-en-la-
6. De la sociedad de la información a la sociedad del conocimiento;6.7. La irrupción de ChatGPT y otros servicios de IA generativa. Implicaciones;Referencias y enlaces;2;perez2023perez;sin_doi;4493;Pérez Colomé, J. (22 feb 2023):  Así es la irrupción inexorable de la nueva IA a las aulas. https://elpais.com/tecnologia/2023-02-22/obligo-a-usar-chatgpt-en-mis-clases-asi-es-la-i
6. De la sociedad de la información a la sociedad del conocimiento;6.7. La irrupción de ChatGPT y otros servicios de IA generativa. Implicaciones;Referencias y enlaces;3;trias2023trias;sin_doi;4494;Trias, X. (27 febrero 2023): El impacto de ChatGPT: ¿cómo afectará la irrupción y evolución de la inteligencia artificial en los próximos años? https://www.ey.com/es_es/digital/el-
6. De la sociedad de la información a la sociedad del conocimiento;6.7. La irrupción de ChatGPT y otros servicios de IA generativa. Implicaciones;Referencias y enlaces;4;meneses2023meneses;sin_doi;4495;Meneses, N. (30 MAR 2023): ChatGPT y educación: ¿un nuevo enemigo o aliado de los profesores? https://elpais.com/economia/formacion/2023-03-30/chatgpt-y-educacion-un-nuevo-enemigo-
6. De la sociedad de la información a la sociedad del conocimiento;6.7. La irrupción de ChatGPT y otros servicios de IA generativa. Implicaciones;Dos casos sobre chatbots persuasivos;1;gonzalez2024propaganda;sin_doi;4520;González, F. (2024, 21 febrero). La propaganda creada con IA ya es tan persuasiva como la que hacen los humanos. WIRED.
6. De la sociedad de la información a la sociedad del conocimiento;6.7. La irrupción de ChatGPT y otros servicios de IA generativa. Implicaciones;Dos casos sobre chatbots persuasivos;2;### SIN_CLAVE ###;;4521;La amenaza de la IA persuasiva (3/01/2024).
6. De la sociedad de la información a la sociedad del conocimiento;6.7. La irrupción de ChatGPT y otros servicios de IA generativa. Implicaciones;Dos casos sobre chatbots persuasivos;3;### SIN_CLAVE ###;;4523;La IA se ha vuelto más persuasiva que los humanos (1 de abril de 2024). Revisado por Gary Drevitch.
6. De la sociedad de la información a la sociedad del conocimiento;6.7. La irrupción de ChatGPT y otros servicios de IA generativa. Implicaciones;Dos casos sobre chatbots persuasivos;4;### SIN_CLAVE ###;;4524;«Le pire outil de manipulation» : cette étude démontre que ChatGPT est deux fois plus convaincant que votre ex lorsque vous débattez avec elle (08/04/2024).
6. De la sociedad de la información a la sociedad del conocimiento;6.8 El desarrollo de agentes de IA con desempeño equivalente al de expertos humanos con nivel de doctorado;Mostrar referencias;1;annepaka2024large;VERIFICADO;4655;Annepaka, Y., & Pakray, P. (2024). Large language models: a survey of their development, capabilities, and applications. Knowledge And Information Systems. https://doi.org/10.1007/
6. De la sociedad de la información a la sociedad del conocimiento;6.8 El desarrollo de agentes de IA con desempeño equivalente al de expertos humanos con nivel de doctorado;Mostrar referencias;2;johnson2025openais;sin_doi;4656;Johnson, D. (2025, 6 marzo). OpenAI’s PhD-Level AI Agent for $20,000 Per Month Sparkes Debate. Medium. https://medium.com/@derrickjswork/openais-phd-level-ai-agent-for-20-000-per-m
6. De la sociedad de la información a la sociedad del conocimiento;6.8 El desarrollo de agentes de IA con desempeño equivalente al de expertos humanos con nivel de doctorado;Mostrar referencias;3;munoz2024gradualismo;sin_doi;4657;"Moreno Muñoz, M. (2024): ""Gradualismo versus singularidad en la interpretación de riesgos asociados con la inteligencia artificial general"". Revista de la Sociedad de Lógica, Metod"
6. De la sociedad de la información a la sociedad del conocimiento;6.8 El desarrollo de agentes de IA con desempeño equivalente al de expertos humanos con nivel de doctorado;Mostrar referencias;4;liu2024beyond;PENDIENTE;4658;Liu, J., Li, Q., & Du, W. (2024). Beyond Benchmarking: A New Paradigm for Evaluation and Assessment of Large Language Models. arXiv (Cornell University). https://doi.org/10.48550/a
6. De la sociedad de la información a la sociedad del conocimiento;6.8 El desarrollo de agentes de IA con desempeño equivalente al de expertos humanos con nivel de doctorado;Mostrar referencias;5;roldan-mones2024when;sin_doi;4659;Roldán-Monés, T. (2024, August 26). When GenAI increases inequality: Evidence from a university debating competition. EsadeEcPol. https://www.esade.edu/ecpol/wp-content/uploads/201
6. De la sociedad de la información a la sociedad del conocimiento;6.8 El desarrollo de agentes de IA con desempeño equivalente al de expertos humanos con nivel de doctorado;Mostrar referencias;6;eloundou2023gpts;sin_doi;4660;Eloundou, T., Manning, S., Mishkin, P., & Rock, D. (2023). GPTs are GPTs: An early look at the labor market impact potential of large language models. arXiv. https://ar5iv.labs.arx
6. De la sociedad de la información a la sociedad del conocimiento;6.8 El desarrollo de agentes de IA con desempeño equivalente al de expertos humanos con nivel de doctorado;Mostrar referencias;7;eloundou2024gpts;VERIFICADO;4661;Eloundou, T., Manning, S., Mishkin, P., & Rock, D. (2024). GPTs are GPTs: Labor market impact potential of LLMs. Science, 384(6702), 1306-1308. https://doi.org/10.1126/science.adj0
6. De la sociedad de la información a la sociedad del conocimiento;6.8 El desarrollo de agentes de IA con desempeño equivalente al de expertos humanos con nivel de doctorado;Mostrar referencias;8;kjell2023beyond;DISCREPANCIA;4662;Kjell, O. N., Kjell, K., & Schwartz, H. A. (2023). Beyond rating scales: With targeted evaluation, large language models are poised for psychological assessment. Psychiatry Researc
6. De la sociedad de la información a la sociedad del conocimiento;6.8 El desarrollo de agentes de IA con desempeño equivalente al de expertos humanos con nivel de doctorado;Estudio de caso: Impacto potencial de la IA en la fuerza lab;1;### SIN_CLAVE ###;;4690;¿Puede un agente de IA realmente emular las capacidades cognitivas y creativas de un investigador con doctorado? ¿Qué aspectos del trabajo de investigación doctoral serían más difí
6. De la sociedad de la información a la sociedad del conocimiento;6.8 El desarrollo de agentes de IA con desempeño equivalente al de expertos humanos con nivel de doctorado;Estudio de caso: Impacto potencial de la IA en la fuerza lab;2;### SIN_CLAVE ###;;4691;Considerando el precio de 20.000 dólares mensuales, ¿qué implicaciones tendría esto para la equidad en el acceso a herramientas avanzadas de investigación entre instituciones con d
6. De la sociedad de la información a la sociedad del conocimiento;6.8 El desarrollo de agentes de IA con desempeño equivalente al de expertos humanos con nivel de doctorado;Estudio de caso: Impacto potencial de la IA en la fuerza lab;3;### SIN_CLAVE ###;;4692;Si estos agentes demuestran rendimiento superior a investigadores humanos en ciertas áreas, ¿cómo debería adaptarse el sistema educativo y la formación doctoral?
6. De la sociedad de la información a la sociedad del conocimiento;6.8 El desarrollo de agentes de IA con desempeño equivalente al de expertos humanos con nivel de doctorado;Estudio de caso: Impacto potencial de la IA en la fuerza lab;4;### SIN_CLAVE ###;;4693;¿Qué políticas públicas serían necesarias para garantizar que estos agentes beneficien ampliamente a la sociedad en lugar de exacerbar desigualdades existentes?
6. De la sociedad de la información a la sociedad del conocimiento;6.8 El desarrollo de agentes de IA con desempeño equivalente al de expertos humanos con nivel de doctorado;Estudio de caso: Impacto potencial de la IA en la fuerza lab;5;### SIN_CLAVE ###;;4694;¿Cómo deberían abordarse las cuestiones de autoría y propiedad intelectual cuando las innovaciones son generadas o co-generadas por agentes de IA?
Anexo I;1. Contexto y evolución del fenómeno tras la pandemia;Mostrar referencias;1;sun2024drivers;VERIFICADO;4785;Sun, Y.-Y., Faturay, F., Lenzen, M., Gössling, S., & Higham, J. (2024). Drivers of global tourism carbon emissions. Nature Communications, 15(1), 10384. https://doi.org/10.1038/s41
Anexo I;1. Contexto y evolución del fenómeno tras la pandemia;Mostrar referencias;2;florido-benitez2024priority;PENDIENTE;4786;Florido-Benítez, L. (2024). The priority of water consumption in the spanish tourism industry: A dilemma for residents and researchers. Applied Sciences, 14(16), 7125. https://doi.
Anexo I;1. Contexto y evolución del fenómeno tras la pandemia;Mostrar referencias;3;robles2023turismo;sin_doi;4787;Robles, D. (2023, June 5). El turismo de masas, una amenaza para las poblaciones locales. Gaceta UNAM. https://www.gaceta.unam.mx/el-turismo-de-masas-una-amenaza-para-las-poblacion
Anexo I;1. Contexto y evolución del fenómeno tras la pandemia;Mostrar referencias;4;behsudi2020tourism;sin_doi;4788;Behsudi, A. (2020, 1 de diciembre). Tourism-dependent economies are among those harmed the most by the pandemic. Finance & Development. https://www.imf.org/en/Publications/fandd/is
Anexo I;1. Contexto y evolución del fenómeno tras la pandemia;Mostrar referencias;5;redaccion2025turismo;sin_doi;4789;Redacción (2025, julio 3). El turismo internacional rompe récords en 2025. Turismo Global. https://turismoglobal.com/2025/07/03/el-turismo-internacional-rompe-records-en-2025-franc
Anexo I;1. Contexto y evolución del fenómeno tras la pandemia;Mostrar referencias;6;tourism2025declaracion;sin_doi;4790;UN Tourism. (2025). Declaración de Glasgow sobre la acción climática en el turismo. https://www.untourism.int/es/declaracion-de-glasgow-sobre-la-accion-climatica-en-el-turismo
Anexo I;1. Contexto y evolución del fenómeno tras la pandemia;Mostrar referencias;7;press2023sector;sin_doi;4791;Europa Press. (2023, 27 abril). El sector turístico global recupera el 95% de su contribución al PIB de antes de la pandemia. https://www.europapress.es/turismo/nacional/noticia-se
Anexo I;1. Contexto y evolución del fenómeno tras la pandemia;Mostrar referencias;8;economics2023global;sin_doi;4792;Oxford Economics & Tourism Economics. (2023, noviembre). WTM Global Travel Report. Oxford Economics. https://www.oxfordeconomics.com/wp-content/uploads/2023/11/WTM-Global-Travel-Re
Anexo I;1. Contexto y evolución del fenómeno tras la pandemia;Mostrar referencias;9;wang2025sustainable;PENDIENTE;4793;Wang, S., & Cheablam, O. (2025). Sustainable tourism and its environmental and economic impacts: Fresh evidence from major tourism hubs. Sustainability, 17(11), 5058. https://doi.o
Anexo I;1. Contexto y evolución del fenómeno tras la pandemia;Mostrar referencias;10;pons2020sostenibilidad;sin_doi;4794;Pons, G. X., Blanco Romero, A., Navalón García, M. R., Troitiño Torralba, L., & Blázquez Salom, M. (2020). Sostenibilidad turística overtourism vs undertourism. Palma Societat d'Hi
Anexo I;2. Hipótesis de trabajo y enfoques del problema;Mostrar referencias;1;tourism2025world;sin_doi;4831;UN Tourism (2025). World Tourism Barometer. https://www.untourism.int/un-tourism-world-tourism-barometer-data
Anexo I;2. Hipótesis de trabajo y enfoques del problema;Mostrar referencias;2;tourism2025greenly;sin_doi;4832;Tourism & the environment: a delicate balance. (2025, May 9). Greenly. https://greenly.earth/en-us/blog/industries/tourism--the-environment-a-delicate-balance
Anexo I;2. Hipótesis de trabajo y enfoques del problema;Mostrar referencias;3;travel2025spains;sin_doi;4833;World Travel & Tourism Council. (2025, May 29). Spain’s tourism sector could exceed €260 billion by 2025, according to WTTC. WTTC. https://wttc.org/news/spain-tourism-sector-could-
Anexo I;2. Hipótesis de trabajo y enfoques del problema;Mostrar referencias;4;wizenberg2024laberinto;sin_doi;4834;Wizenberg, D. (2024, 10 de marzo). El laberinto sin fin de los grandes cruceros del Mediterráneo. France24. https://www.france24.com/es/medio-ambiente/20240310-el-laberinto-sin-fin
Anexo I;2. Hipótesis de trabajo y enfoques del problema;Mostrar referencias;5;critic2025cuanto;sin_doi;4835;El Crític (2025, 17 de junio). ¿Cuánto CO₂ emiten los cruceros que llegan a Barcelona? El Crític. https://www.elcritic.cat/dades/cuanto-co2-emiten-los-cruceros-que-llegan-a-barcelo
Anexo I;2. Hipótesis de trabajo y enfoques del problema;Mostrar referencias;6;miza2023zero;sin_doi;4836;Miza (2023, March 9). A zero waste approach to rising tourism in the Mediterranean. Mission Zero Academy. https://www.missionzeroacademy.eu/miza/a-zero-waste-approach-to-rising-tou
Anexo I;2. Hipótesis de trabajo y enfoques del problema;Mostrar referencias;7;news2024tendencias;sin_doi;4837;Tourist pressure on Mediterranean coast | GRID-Arendal. (n.d.). https://www.grida.no/resources/5922  8. Smart Travel News (2024, December 9). Las tendencias del turismo en Europa p
Anexo I;2. Hipótesis de trabajo y enfoques del problema;Mostrar referencias;9;wang2025sustainable;PENDIENTE;4838;Wang, S., & Cheablam, O. (2025). Sustainable Tourism and Its Environmental and Economic Impacts: Fresh Evidence from Major Tourism Hubs. Sustainability, 17(11), 5058. https://doi.o
Anexo I;2. Hipótesis de trabajo y enfoques del problema;Mostrar referencias;11;sanchez2023guerra;sin_doi;4839;Sánchez, N., Burgos, R., Rodríguez, M. (2023, August 8). La ‘guerra de las sombrillas’: multas de 750 euros por reservar sitio en la playa y tumbonas de pago en expansión. El País.
Anexo I;2. Hipótesis de trabajo y enfoques del problema;Mostrar referencias;12;caballero2025demasiado;sin_doi;4840;Caballero, Á. (2025, June 16). Demasiado sol y poca playa: el cambio climático ya está transformando el turismo en España. RTVE.es. https://www.rtve.es/noticias/20240624/demasiado-
Anexo I;2. Hipótesis de trabajo y enfoques del problema;Mostrar referencias;13;ferrer2024olas;sin_doi;4841;Ferrer, J. L. (2024, July 8). Las olas de calor están reduciendo el gasto de los turistas en España. Información. https://www.informacion.es/medio-ambiente/2024/07/08/olas-calor-re
Anexo I;2. Hipótesis de trabajo y enfoques del problema;Mostrar referencias;1;gil-cordero2025metaverse;VERIFICADO;4872;Gil-Cordero, E., Maldonado-López, B., & Ledesma-Chaves, P. (2025). Metaverse and overtourism: positive and negative impacts of tourism development on local residents. Journal of Ma
Anexo I;2. Hipótesis de trabajo y enfoques del problema;Mostrar referencias;2;consumidores2025impacto;sin_doi;4873;Organización de Consumidores y Usuarios (OCU). (2025, enero 14). Impacto de los pisos turísticos en el problema de la vivienda. https://www.ocu.org/vivienda-y-energia/comprar-vende
Anexo I;2. Hipótesis de trabajo y enfoques del problema;Mostrar referencias;3;centeno2025repercusion;sin_doi;4874;Centeno, Z., & López, C. (2025). Repercusión del crecimiento de las Viviendas de Uso Turístico en el precio de la vivienda de alquiler. Ecologistas en Acción. https://www.ecologist
Anexo I;2. Hipótesis de trabajo y enfoques del problema;Mostrar referencias;4;elena2025transavia;sin_doi;4875;de Elena, V. (2025, septiembre 22). Transavia calienta el mercado aéreo 'low cost' en España y crecerá un 17 % el próximo verano. El Economista. https://www.eleconomista.es/transpo
Anexo I;2. Hipótesis de trabajo y enfoques del problema;Mostrar referencias;5;rey2011effect;VERIFICADO;4876;Rey, B., Myro, R. L., & Galera, A. (2011). Effect of low-cost airlines on tourism in Spain. A dynamic panel data model. Journal of Air Transport Management, 17(3), 163-167. https:/
Anexo I;2. Hipótesis de trabajo y enfoques del problema;Mostrar referencias;6;euronews2025miles;sin_doi;4877;Euronews (2025, mayo 19). Miles de manifestantes claman en Canarias contra los impactos negativos del turismo de masas. https://es.euronews.com/my-europe/2025/05/19/miles-de-manife
Anexo I;2. Hipótesis de trabajo y enfoques del problema;Mostrar referencias;7;rtve2025miles;sin_doi;4878;RTVE (2025, junio 15). Miles de personas se manifiestan en Barcelona, Palma, San Sebastián y Granada contra el turismo masivo. https://www.rtve.es/noticias/20250615/miles-personas-
Anexo I;2. Hipótesis de trabajo y enfoques del problema;Mostrar referencias;8;france2024turistas;sin_doi;4879;France24 (2024, julio 28). “Turistas, vuelvan a casa”: En España y en otros lugares, el turismo de masas se impone a los autóctonos. https://www.france24.com/es/europa/20240728-tur
Anexo I;2. Hipótesis de trabajo y enfoques del problema;Mostrar referencias;9;eurostat2024tourism;sin_doi;4880;Eurostat (2024, abril). Tourism industries – employment. Statistics Explained. https://ec.europa.eu/eurostat/statistics-explained/index.php?title=Tourism_industries_-_employment
Anexo I;2. Hipótesis de trabajo y enfoques del problema;Mostrar referencias;10;eurostat2024characteristics;sin_doi;4881;Eurostat (2024). Characteristics of employment in tourism, EU, 2023. https://ec.europa.eu/eurostat/statistics-explained/images/0/0f/characteristics_of_employment_in_tourism%2c_eu%2
Anexo I;2. Hipótesis de trabajo y enfoques del problema;Mostrar referencias;11;casado-diaz2025precariedad;sin_doi;4882;Casado-Díaz, J. M., Seva, J., Simón, H., & Simón-Albert, R. (2025). La precariedad laboral en el turismo en España. Revista Economía Industrial, Ministerio de Industria, Comercio y
Anexo I;2. Hipótesis de trabajo y enfoques del problema;Mostrar referencias;12;press2025ccoo;sin_doi;4883;Europa Press (2025, enero 21). CCOO denuncia que la mala popularidad de las condiciones laborales del turismo le resta atractivo: “Está mal pagado”. https://www.europapress.es/turi
Anexo I;2. Hipótesis de trabajo y enfoques del problema;Mostrar referencias;13;infohoreca2025restauracion;sin_doi;4884;InfoHoreca (2025, febrero 27). La restauración en España afronta una crisis de personal. https://www.infohoreca.com/noticias/20250227/restauracion-espana
Anexo I;2. Hipótesis de trabajo y enfoques del problema;Mostrar referencias;1;accion2024cosas;sin_doi;4946;Ecologistas en Acción (2024, diciembre 4). 10 cosas que hacen insostenible el turismo masivo en España. Ecoticias. https://www.ecoticias.com/sostenibilidad/insostenible-turismo-mas
Anexo I;2. Hipótesis de trabajo y enfoques del problema;Mostrar referencias;2;salazar2021impactos;VERIFICADO;4947;Carvajal Salazar, S. (2021). Impactos socioeconómicos y medio ambientales del turismo en España. Observatorio Medioambiental, 23, 243-288. https://doi.org/10.5209/obmd.73171
Anexo I;2. Hipótesis de trabajo y enfoques del problema;Mostrar referencias;3;eurostat2024tourism;sin_doi;4948;Eurostat (2024, abril). Tourism industries – employment. Statistics Explained. https://ec.europa.eu/eurostat/statistics-explained/index.php?title=Tourism_industries_-_employment
Anexo I;2. Hipótesis de trabajo y enfoques del problema;Mostrar referencias;4;exceltur2025informe;sin_doi;4949;Exceltur (2025, enero). Informe Perspectivas N.º 91: Balance del año 2024 y previsiones para 2025. Págs. 25, 28-29. https://www.exceltur.org/wp-content/uploads/2025/01/EXCELTUR-Inf
Anexo I;2. Hipótesis de trabajo y enfoques del problema;Mostrar referencias;5;efe2024unesco;sin_doi;4950;EFE (2024, September 22). Unesco ve el turismo masivo como una amenaza para proteger patrimonio mundial. ELHERALDO.CO. https://www.elheraldo.co/internacional/2024/07/22/unesco-ve-e
Anexo I;2. Hipótesis de trabajo y enfoques del problema;Mostrar referencias;6;castro2025working;sin_doi;4951;Castro, N. (2025, julio 11). Working conditions in Spain’s tourism sector: Precariousness and exhausting working hours. Equal Times. https://www.equaltimes.org/working-conditions-i
Anexo I;2. Hipótesis de trabajo y enfoques del problema;Mostrar referencias;1;grey2025turismo;sin_doi;4995;Grey, J. (2025, May 13). Turismo en EE.UU. sufre notable descenso en viajes entrantes en 2025. VisaVerge Spanish. https://www.visaverge.com/es/noticias/turismo-en-ee-uu-sufre-notab
Anexo I;2. Hipótesis de trabajo y enfoques del problema;Mostrar referencias;2;arque2025ref;sin_doi;4996;Arqué, M. (2025, September 12). EE.UU. enfrenta una crisis turística de $12,500 millones en pérdidas por caída de visitantes en 2025. El Diario NY. https://eldiariony.com/2025/09/1
Anexo I;2. Hipótesis de trabajo y enfoques del problema;Mostrar referencias;3;greenfield2025efecto;sin_doi;4997;Greenfield, E. (2025, September 6). El efecto del loto blanco: el exceso de turismo en Koh Samui, Tailandia. Sigma Earth. https://sigmaearth.com/es/El-efecto-del-loto-blanco%3A-el-
Anexo I;2. Hipótesis de trabajo y enfoques del problema;Mostrar referencias;4;redaccion2024impacto;sin_doi;4998;RA - Redacción (2024, September 10). El impacto del sobreturismo en Japón y las estrategias para un crecimiento sostenible. Reporte Asia. https://reporteasia.com/economia/turismo/2
Anexo I;2. Hipótesis de trabajo y enfoques del problema;Mostrar referencias;5;tstt2024tstt;sin_doi;4999;TSTT (16/07/2024). Venecia aumenta sus ingresos por tasa turística y considera incrementarlo. https://www.tourismandsocietytt.com/noticias-y-newsletter/2024/2024-julio/ultimas-noti
Anexo I;2. Hipótesis de trabajo y enfoques del problema;Mostrar referencias;6;sinha2025balearic;sin_doi;5000;Sinha, P., & Sinha, P. (2025, August 19). Balearic Islands of Spain consider health fee for summer tourists amid overwhelmed public health system. Travel and Tour World. https://ww
Anexo I;2. Hipótesis de trabajo y enfoques del problema;Mostrar referencias;7;manera2024turismo;sin_doi;5001;Manera, C. (2024, August 25). El turismo de masas puede morir de éxito. Agenda Pública. https://agendapublica.es/noticia/19327/turismo-masas-puede-morir-xito
Anexo I;2. Hipótesis de trabajo y enfoques del problema;Mostrar referencias;8;young2024young;sin_doi;5002;Young, A. (11/09/2024). Capítulo APTSO Indígena: Impulsando el Turismo Sostenible en Comunidades Indígenas – Aptso.org. https://aptso.org/capitulo-aptso-indigena-impulsando-el-turi
Anexo I;2. Hipótesis de trabajo y enfoques del problema;Mostrar referencias;9;fsc-if2022turismo;sin_doi;5003;FSC-IF (2022, September 1). El turismo dirigido por los Pueblos Indígenas beneficia a las comunidades, las economías y la Madre Tierra. Fundación Indígena FSC. https://www.fscindig
Anexo I;2. Hipótesis de trabajo y enfoques del problema;Mostrar referencias;10;faulkner2024euronews;sin_doi;5004;Faulkner, C. (06/07/2024). Málaga dice basta al turismo de masas y protesta contra sus efectos dañinos en la ciudad. (2024, July 7). Euronews. https://es.euronews.com/viajes/2024/0
Anexo I;2. Hipótesis de trabajo y enfoques del problema;Mostrar referencias;11;europa2025europa;sin_doi;5005;Europa Press (15/06/2025). Más de 300 personas reclaman en Ibiza el derecho a “una vivienda digna” y el fin de la “turistificación.” europapress.es. https://www.europapress.es/ille
Anexo I;2. Hipótesis de trabajo y enfoques del problema;Mostrar referencias;1;vargas2025conducir;sin_doi;5068;Vargas, N. G. (2025, September 26). Conducir un buggy por Lanzarote: la atracción turística que molesta a los residentes y espanta a las aves protegidas. ElDiario.es. https://www.e
Anexo I;2. Hipótesis de trabajo y enfoques del problema;Mostrar referencias;2;garcia2025garcia;sin_doi;5069;García, S. (10/09/2025). Excursiones de buggies y quads: daños al territorio y ausencia de regulación. Diario De Lanzarote. https://www.diariodelanzarote.com/noticia/excursiones-de
Anexo I;2. Hipótesis de trabajo y enfoques del problema;Mostrar referencias;3;lp2025cabildo;sin_doi;5070;LP (2025, July 3). El Cabildo de Lanzarote avisa a los ayuntamientos: las excursiones en quad en suelo rústico están prohibidas. La Provincia - Diario De Las Palmas. https://www.la
Anexo I;2. Hipótesis de trabajo y enfoques del problema;Mostrar referencias;4;ploughe2022find;VERIFICADO;5071;Ploughe, L. W., & Fraser, L. H. (2022). Find new roadstm? A systematic review on the impacts of off-road vehicle activity on soil, vegetation, and wildlife. Frontiers in Ecology an
Anexo I;2. Hipótesis de trabajo y enfoques del problema;Mostrar referencias;5;taylor2001effects;sin_doi;5072;Taylor, R. B. (2001). The effects of off-road vehicles on ecosystems. Texas Parks and Wildlife Department. https://tpwd.texas.gov/publications/pwdpubs/media/pwd_rp_t3200_1081.pdf
Anexo I;2. Hipótesis de trabajo y enfoques del problema;Mostrar referencias;6;kok2023chronic;VERIFICADO;5073;Kok, A. C. M. et al. (2023). How chronic anthropogenic noise can affect wildlife communities. Frontiers in Ecology and Evolution, 11, 1130075. https://doi.org/10.3389/fevo.2023.113
Anexo I;2. Hipótesis de trabajo y enfoques del problema;Mostrar referencias;7;psusfnoisequest;sin_doi;5074;"PSU Noisequest. (n.d.). https://www.noisequest.psu.edu/noiseeffects-wildlife.html; https://www.noisequest.psu.edu/noiseeffects-animals.html"
Anexo I;2. Hipótesis de trabajo y enfoques del problema;Mostrar referencias;8;greentumble2024impactos;sin_doi;5075;Greentumble. (2024, October 25). Impactos negativos del turismo en el medio ambiente. https://greentumble.com/environmental-impacts-of-tourism
Anexo I;2. Hipótesis de trabajo y enfoques del problema;Mostrar referencias;9;noble2012water;sin_doi;5076;Noble, R., Smith, P., & Pattullo, P. (Eds.). (2012). Water equity in tourism: A human right, a global responsibility. Tourism Cares. https://www.trainingaid.org/sites/default/files
Anexo I;3. Beneficios a corto plazo vs deterioro permanente de las zonas de interés ecosistémico;Mostrar referencias;1;efe2024tailandia;sin_doi;5120;EFE (2024, October 1). Tailandia reabre al turismo su icónica Maya Bay tras un breve descanso por la masificación. SWI swissinfo.ch. https://www.swissinfo.ch/spa/tailandia-reabre-a
Anexo I;3. Beneficios a corto plazo vs deterioro permanente de las zonas de interés ecosistémico;Mostrar referencias;2;ibiza2024ibiza;sin_doi;5121;La Voz de Ibiza. (2024, octubre 10). Ibiza y Formentera intensifican la defensa de la posidonia: 70.000 operaciones contra fondeos ilegales. https://lavozdeibiza.com/actualidad/ibi
Anexo I;3. Beneficios a corto plazo vs deterioro permanente de las zonas de interés ecosistémico;Mostrar referencias;3;swi2003alpes;sin_doi;5122;SWI (2003, July 18). Los Alpes vulnerables al turismo y al clima. SWI swissinfo.ch. https://www.swissinfo.ch/spa/ciencia/los-alpes-vulnerables-al-turismo-y-al-clima/3414064
Anexo I;3. Beneficios a corto plazo vs deterioro permanente de las zonas de interés ecosistémico;Mostrar referencias;4;shannon2016synthesis;DISCREPANCIA;5123;Shannon, G. et al. (2016). A synthesis of two decades of research documenting the effects of noise on wildlife. Biological Reviews, 91(4), 982-1005. https://doi.org/10.1111/brv.122
Anexo I;3. Beneficios a corto plazo vs deterioro permanente de las zonas de interés ecosistémico;Mostrar referencias;5;ware2015phantom;VERIFICADO;5124;Ware, H. E., McClure, C. J. W., Carlisle, J. D., & Barber, J. R. (2015). A phantom road experiment reveals traffic noise is an invisible source of habitat degradation. Proceedings 
Anexo I;3. Beneficios a corto plazo vs deterioro permanente de las zonas de interés ecosistémico;Mostrar referencias;6;buxton2017noise;VERIFICADO;5125;Buxton, R. T., McKenna, M. F., Mennitt, D., Fristrup, K., Crooks, K., Angeloni, L., & Wittemyer, G. (2017). Noise pollution is pervasive in U.S. protected areas. Science, 356(6337)
Anexo I;3. Beneficios a corto plazo vs deterioro permanente de las zonas de interés ecosistémico;Mostrar referencias;7;duarte2021soundscape;VERIFICADO;5126;Duarte, C. M. et al. (2021). The soundscape of the Anthropocene ocean. Science, 371(6529), eaba4658. https://doi.org/10.1126/science.aba4658
Anexo I;4. Conclusiones;Mostrar referencias;1;euronews2024euronews;sin_doi;5152;EURONEWS (28/07/2024). Italy's Cinque Terre 'Path of Love' reopens after 12-year closure. https://www.euronews.com/travel/2024/07/28/italys-cinque-terre-path-of-love-reopens-after-
Anexo I;4. Conclusiones;Mostrar referencias;2;rtveagencias2025protestas;sin_doi;5153;RTVE/Agencias (2025, mayo 18). Las protestas vuelven a recorrer el archipiélago canario para pedir un turismo más sostenible: «Canarias tiene un límite». RTVE.es. https://www.rtve.
Anexo I;4. Conclusiones;Mostrar referencias;3;ondacero2025govern;sin_doi;5154;OndaCero (2025, marzo 7). El Govern balear quiere prohibir el alquiler turístico en plurifamiliares, subir la ecotasa y un nuevo impuesto a vehículos. https://www.ondacero.es/emiso
Anexo I;4. Conclusiones;Mostrar referencias;4;kliger2024kliger;sin_doi;5155;Kliger, I. (21/06/2024). Barcelona announces plan to ban tourist rental apartments by 2028. Forbes.  https://www.forbes.com/sites/isabellekliger/2024/06/21/barcelona-announces-plan
Anexo I;4. Conclusiones;Mostrar referencias;5;mundo2025dubrovnik;sin_doi;5156;BBC News Mundo (2025, septiembre 27). Dubrovnik, la ciudad que prefiere perder dinero antes que ser «destruida» por el turismo masivo.  https://www.bbc.com/mundo/articles/c3vze1ql5
Anexo I;4. Conclusiones;Mostrar referencias;6;expansion2025expansion;sin_doi;5157;Expansión (15/06/2025). Los turistas extranjeros vuelven a ser el blanco de las pistolas de agua en Barcelona. https://www.expansion.com/economia/2025/06/15/684f1286468aebaa2d8b459
Anexo I;4. Conclusiones;Mostrar referencias;7;news2025protesters;sin_doi;5158;CBS News (2025, junio 16). Protesters in Spain shoot water guns at tourists in demonstration against mass tourism, housing costs. https://www.cbsnews.com/news/spain-protest-water-g
Epílogo;;Mostrar referencias;1;oreskes2010merchants;sin_doi;5201;Oreskes, N., & Conway, E. M. (2010). Merchants of doubt: How a handful of scientists obscured the truth on issues from tobacco smoke to global warming. Bloomsbury Press.
Epílogo;;Mostrar referencias;2;vosoughi2018spread;VERIFICADO;5202;Vosoughi, S., Roy, D., & Aral, S. (2018). The spread of true and false news online. Science, 359(6380), 1146-1151. https://doi.org/10.1126/science.aap9559
Epílogo;;Mostrar referencias;3;haas1992introduction;VERIFICADO;5203;Haas, P. M. (1992). Introduction: Epistemic communities and international policy coordination. International Organization, 46(1), 1-35. https://doi.org/10.1017/S0020818300001442
Epílogo;;Mostrar referencias;4;marmion2025psicologia;sin_doi;5204;Marmion, J. (2025). La psicología de la estupidez: explicada por las mentes más brillantes del mundo. Península.
Epílogo;;Mostrar referencias;5;kahan2012polarizing;PENDIENTE;5205;Kahan, D. M., Peters, E., Wittlin, M., Slovic, P., Ouellette, L. L., Braman, D., & Mandel, G. (2012). The polarizing impact of science literacy and numeracy on perceived climate ch
Epílogo;;Mostrar referencias;6;law2017participatory;VERIFICADO;5206;Law, S. F., & Ramos, J. (2017). Participatory knowledge co-creation: Using digital mapping as an emancipatory method. En M. Seedat, S. Suffla, & D. J. Christie (Eds.), Emancipatory
Epílogo;;Mostrar referencias;7;chvez2017sentido;VERIFICADO;5207;Fort Chàvez, L. (2017). El sentido emancipador de la sociedad del conocimiento. Revista de la Facultad de Derecho de México, 63(260), 53. https://doi.org/10.22201/fder.24488933e.20
Sobre esta monografía;;Sobre el autor;1;### SIN_CLAVE ###;;5985;Regulación social de los desarrollos en IA y sistemas autónomos
Sobre esta monografía;;Sobre el autor;2;### SIN_CLAVE ###;;5986;Aspectos éticos, sociales y legales de las biotecnologías
Sobre esta monografía;;Sobre el autor;3;### SIN_CLAVE ###;;5987;Ética ambiental (adaptación al cambio climático, prevención de desastres, justicia global)
Sobre esta monografía;;Sobre el autor;4;### SIN_CLAVE ###;;5988;Convergencia de tecnologías NBIC (nano-bio-info-cognitivas) con fines de mejora humana
Sobre esta monografía;;Sobre el autor;5;### SIN_CLAVE ###;;5989;Propiedad intelectual y conflicto de valores en la sociedad del conocimiento
Sobre esta monografía;;Sobre el autor;1;### SIN_CLAVE ###;;5993;Integrante del equipo de investigación del proyecto *Inteligencia artificial y autonomía humana. Hacia una ética para la protección y la mejora de la autonomía en sistemas recomend
Sobre esta monografía;;Sobre el autor;2;### SIN_CLAVE ###;;5994;Junto con Adrián Villaba (doctorando): *ADN sintético: un análisis anticipatorio en reproducción asistida* (GRIFOLS-2024).
Sobre esta monografía;;Sobre el autor;3;### SIN_CLAVE ###;;5995;Participante en el proyecto europeo PREDI-LYNCH (*Validated non-invasive liquid biopsy tests for cancer PREDIction in LYNCH Syndrome*). Inicio: junio de 2025. Duración: 6 años. Fin
